CURSO;MODULO;URL;LINEA
ACUPUNTURA Y MEDICINA CHINA;1;https://video.wixstatic.com/video/4ea8bc_1dae6b8446c24930b1e188dccd930db9/1080p/mp4/file.mp4;Diplomados
ACUPUNTURA Y MEDICINA CHINA;2;https://video.wixstatic.com/video/4ea8bc_2d3df7a6114e4a8a94d15431da045083/720p/mp4/file.mp4;Diplomados
ACUPUNTURA Y MEDICINA CHINA;9;https://video.wixstatic.com/video/4ea8bc_4ee55ae23f4c4d269fd82aa06f2eab34/1080p/mp4/file.mp4;Diplomados
ACUPUNTURA Y MEDICINA CHINA;64;https://video.wixstatic.com/video/4ea8bc_ddd6b8b389e340c280229fe277216220/720p/mp4/file.mp4;Diplomados
PRACTICA MISTICA 1;12;https://video.wixstatic.com/video/b5f93e_bafb86463072400ab2cc48f69d489f2c/720p/mp4/file.mp4;Diplomados
TERAPIA HOLISTICA 1;43;https://video.wixstatic.com/video/4ea8bc_ec2f7243a142497a90efb4dc79c23833/720p/mp4/file.mp4;Diplomados
TERAPIA HOLISTICA 1;44;https://video.wixstatic.com/video/4ea8bc_9f36fce3d66a40ecb2ca86fe68aa86c8/720p/mp4/file.mp4;Diplomados
TERAPIA HOLISTICA 1;45;https://video.wixstatic.com/video/4ea8bc_703762763f364df4b86725ef203bb42d/720p/mp4/file.mp4;Diplomados
TERAPIA HOLISTICA 1;46;https://video.wixstatic.com/video/4ea8bc_d3fa408a103b4cdab330a2a72a5fda24/720p/mp4/file.mp4;Diplomados
TERAPIA HOLISTICA 1;47;https://video.wixstatic.com/video/4ea8bc_f43f5c99e9ce4d46a70db689e0852780/720p/mp4/file.mp4;Diplomados
TERAPIA HOLISTICA 1;48;https://video.wixstatic.com/video/4ea8bc_85ced347be714431a9f5652eaa058879/720p/mp4/file.mp4;Diplomados
TERAPIA HOLISTICA 1;49;https://video.wixstatic.com/video/4ea8bc_3456fc4bf2524ef395c4b8d1b0a6000e/720p/mp4/file.mp4;Diplomados
TERAPIA HOLISTICA 1;50;https://video.wixstatic.com/video/4ea8bc_8ab340cec2e443b48f0707b6865a12fd/720p/mp4/file.mp4;Diplomados
TERAPIA HOLISTICA 1;51;https://video.wixstatic.com/video/4ea8bc_f43f5c99e9ce4d46a70db689e0852780/720p/mp4/file.mp4;Diplomados
TERAPIA HOLISTICA 1;52;https://video.wixstatic.com/video/4ea8bc_01e67ae121084f4bb447e98ccdc21e50/720p/mp4/file.mp4;Diplomados
TERAPIA HOLISTICA 1;53;https://video.wixstatic.com/video/4ea8bc_ab0fbf73d1414a8c8835e3d5a99fb303/720p/mp4/file.mp4;Diplomados
TERAPIA HOLISTICA 1;54;https://video.wixstatic.com/video/4ea8bc_300fe3a26b3940c4a8aa19370de4393f/720p/mp4/file.mp4;Diplomados
TERAPIA HOLISTICA 1;55;https://video.wixstatic.com/video/b5f93e_b11a0b98add84c2787ee4cdcb66229a3/720p/mp4/file.mp4;Diplomados
TERAPIA HOLISTICA 1;56;https://video.wixstatic.com/video/4ea8bc_2d08ad2196ee49d583bd593b1ca03d4f/720p/mp4/file.mp4;Diplomados
TERAPIA HOLISTICA 1;57;https://video.wixstatic.com/video/4ea8bc_bccc423c88b54f61884bd75e0d1c0769/720p/mp4/file.mp4;Diplomados
TERAPIA HOLISTICA 1;58;https://video.wixstatic.com/video/4ea8bc_cf77eb7edd4a496abeea0105ddce5eb8/720p/mp4/file.mp4;Diplomados
TERAPIA HOLISTICA 1;59;https://video.wixstatic.com/video/4ea8bc_2f32792eaba644a6916fe3d42079d575/720p/mp4/file.mp4;Diplomados
TERAPIA HOLISTICA 1;60;https://video.wixstatic.com/video/b5f93e_21f04e660ef5479c80e861435ade3343/720p/mp4/file.mp4;Diplomados
TERAPIA HOLISTICA 1;61;https://video.wixstatic.com/video/4ea8bc_ce6eb2e613c84e21b93e855ee3969131/720p/mp4/file.mp4;Diplomados
TERAPIA HOLISTICA 1;62;https://video.wixstatic.com/video/b5f93e_a1d39ca5ab7644edb4fe108f06831353/720p/mp4/file.mp4;Diplomados
TERAPIA HOLISTICA 1;63;https://video.wixstatic.com/video/b5f93e_8f5526dc24c7459bb9b2e47414ada27c/1080p/mp4/file.mp4;Diplomados
TERAPIA HOLISTICA 1;64;https://video.wixstatic.com/video/b5f93e_c16d3f79d23f4a989d5d58ed634de55c/1080p/mp4/file.mp4;Diplomados
TERAPIA HOLISTICA 1;65;https://video.wixstatic.com/video/4ea8bc_9f47c70fa0a045cbbac12036e685274c/720p/mp4/file.mp4;Diplomados
TERAPIA HOLISTICA 1;66;https://video.wixstatic.com/video/4ea8bc_182815c973e84543a64e219eed8ef8b2/720p/mp4/file.mp4;Diplomados
TERAPIA HOLISTICA 1;67;https://video.wixstatic.com/video/b5f93e_d4048e5be9034d6e8ccff1bbdac9c692/720p/mp4/file.mp4;Diplomados
TERAPIA HOLISTICA 1;68;https://video.wixstatic.com/video/4ea8bc_3512c9f52a264189bfffac922eb307f0/720p/mp4/file.mp4;Diplomados
TERAPIA HOLISTICA 1;69;https://video.wixstatic.com/video/b5f93e_8ad8ea51346a48749d03fa2cb049a4fa/720p/mp4/file.mp4;Diplomados
TERAPIA HOLISTICA 1;70;https://video.wixstatic.com/video/b5f93e_3db8114538e546c8a57118eac8344413/720p/mp4/file.mp4;Diplomados
TERAPIA HOLISTICA 1;71;https://video.wixstatic.com/video/b5f93e_f923e0c08d3c4869a00950a54ba7a04f/720p/mp4/file.mp4;Diplomados
TERAPIA HOLISTICA 1;72;https://video.wixstatic.com/video/b5f93e_d7f15ce4d42544d8a99ecc0b5ff313d7/1080p/mp4/file.mp4;Diplomados
TERAPIA HOLISTICA 1;73;https://video.wixstatic.com/video/4ea8bc_13e2e37aeafb4e46a4aef9f9604ab9ae/360p/mp4/file.mp4;Diplomados
TERAPIA HOLISTICA 1;74;https://video.wixstatic.com/video/4ea8bc_8f1040dbfa8b4405b77092c1fd7f5948/360p/mp4/file.mp4;Diplomados
TERAPIA HOLISTICA 1;75;https://video.wixstatic.com/video/4ea8bc_8b27fa0c2a2b4734a3b05fe42b456a4c/360p/mp4/file.mp4;Diplomados
TERAPIA HOLISTICA 1;76;https://video.wixstatic.com/video/4ea8bc_0fd47bb5e2b8444db6baa0f7cbaf750b/360p/mp4/file.mp4;Diplomados
TERAPIA HOLISTICA 1;77;https://video.wixstatic.com/video/b5f93e_09c5c7203bca40e7bec06c8969153341/720p/mp4/file.mp4;Diplomados
TERAPIA HOLISTICA 1;78;https://video.wixstatic.com/video/b5f93e_2e3015d80f3840e397fa61826afe9cb7/720p/mp4/file.mp4;Diplomados
TERAPIA HOLISTICA 1;79;https://video.wixstatic.com/video/b5f93e_5656d09097c749fda05cc48e42f4fb40/1080p/mp4/file.mp4;Diplomados
TERAPIA HOLISTICA 1;80;https://video.wixstatic.com/video/b5f93e_6e418ea19be448da94c8b1c0c5ad181b/720p/mp4/file.mp4;Diplomados
TERAPIA HOLISTICA 1;81;https://video.wixstatic.com/video/b5f93e_e6755172a42344e2bf17c876bfb922bd/720p/mp4/file.mp4;Diplomados
TERAPIA HOLISTICA 1;82;https://video.wixstatic.com/video/b5f93e_4e5f6e22b0884e06adbde56b342789e6/720p/mp4/file.mp4;Diplomados
TERAPIA HOLISTICA 1;83;https://video.wixstatic.com/video/b5f93e_87bf921874ca432596e37c07e537d92a/720p/mp4/file.mp4;Diplomados
TERAPIA HOLISTICA 1;84;https://video.wixstatic.com/video/b5f93e_08190915058048129469f133cd3e3040/720p/mp4/file.mp4;Diplomados
TERAPIA HOLISTICA 1;85;https://video.wixstatic.com/video/b5f93e_6103a0f747204a8396ac1a446e0e561d/720p/mp4/file.mp4;Diplomados
TERAPIA HOLISTICA 1;86;https://video.wixstatic.com/video/b5f93e_ac6ce3c43120436694ba9e91944b6106/720p/mp4/file.mp4;Diplomados
TERAPIA HOLISTICA 1;87;https://video.wixstatic.com/video/b5f93e_3fefd0cf20fc45008335b82e2cb597bd/1080p/mp4/file.mp4;Diplomados
TRANSGENERACIONAL;17;https://video.wixstatic.com/video/4ea8bc_cb12717c578f4a41bba65edbde6a508a/720p/mp4/file.mp4;Diplomados
HOLOBIOMAGNETISMO 2021;11;https://video.wixstatic.com/video/b5f93e_62456c1dd21b4f858ff5222c62072c63/1080p/mp4/file.mp4;Salud
HOLOBIOMAGNETISMO PARTE 1;3;https://video.wixstatic.com/video/4ea8bc_539415ee5f3d489abfe368087aae0dfc/720p/mp4/file.mp4;Salud
HOLOBIOMAGNETISMO PARTE 1;4;https://video.wixstatic.com/video/4ea8bc_88a5e6a6e45740b096274064eddc8364/720p/mp4/file.mp4;Salud
HOLOBIOMAGNETISMO PARTE 1;5;https://video.wixstatic.com/video/4ea8bc_330abc856eeb405b965d4c2e4b4fea76/720p/mp4/file.mp4;Salud
HOLOBIOMAGNETISMO PARTE 1;6;https://video.wixstatic.com/video/4ea8bc_453119c9f6eb4ce5b17ec10a477f875d/720p/mp4/file.mp4;Salud
HOLOBIOMAGNETISMO PARTE 1;7;https://video.wixstatic.com/video/4ea8bc_db6aa01c79924b7bbea35b2c03924d16/720p/mp4/file.mp4;Salud
HOLOBIOMAGNETISMO PARTE 1;8;https://video.wixstatic.com/video/4ea8bc_d6d5aec7b1ef4a1b99b32dbd990e4133/720p/mp4/file.mp4;Salud
HOLOBIOMAGNETISMO PARTE 2;1;https://video.wixstatic.com/video/4ea8bc_a4922ba9ec1a446ab30c84c07fbf29bb/720p/mp4/file.mp4;Salud
HOLOBIOMAGNETISMO PARTE 2;2;https://video.wixstatic.com/video/4ea8bc_778fa014ae244b3186aa34205257202a/720p/mp4/file.mp4;Salud
HOLOBIOMAGNETISMO PARTE 2;3;https://video.wixstatic.com/video/4ea8bc_69826aa4387f4ccf90d665dadb7ac548/720p/mp4/file.mp4;Salud
HOLOBIOMAGNETISMO PARTE 2;4;https://video.wixstatic.com/video/4ea8bc_d5395aaf36064e0d992624b32af51492/720p/mp4/file.mp4;Salud
HOLOBIOMAGNETISMO PARTE 2;5;https://video.wixstatic.com/video/4ea8bc_d848f87d3d1c4af5bda35e7620f7fcd3/720p/mp4/file.mp4;Salud
HOLOBIOMAGNETISMO PARTE 2;6;https://video.wixstatic.com/video/4ea8bc_8d03785aafbf4ccbbeb01a64e6ee4133/720p/mp4/file.mp4;Salud
HOLOBIOMAGNETISMO PARTE 2;7;https://video.wixstatic.com/video/4ea8bc_108b5087904d4eabbdb331eedbb00919/720p/mp4/file.mp4;Salud
HOLOBIOMAGNETISMO PARTE 2;8;https://video.wixstatic.com/video/4ea8bc_d64826eb53f04860b322ffb6deee18c9/720p/mp4/file.mp4;Salud
