CURSO;MODULO;URL;LINEA
HOLOBIOMAGNETISMO 2021;1;https://video.wixstatic.com/video/4ea8bc_5ea0e1207bc2496cb6035d47074bd29e/720p/mp4/file.mp4;SALUD
HOLOBIOMAGNETISMO 2021;2;https://video.wixstatic.com/video/b5f93e_8bb633edf97a41e98d5c9df8cabff2fe/1080p/mp4/file.mp4;SALUD
HOLOBIOMAGNETISMO 2021;3;https://video.wixstatic.com/video/b5f93e_33e29b4086dd41819606602f47f8b442/1080p/mp4/file.mp4;SALUD
HOLOBIOMAGNETISMO 2021;4;https://video.wixstatic.com/video/b5f93e_66150d8756e5499d85985422ba0b4192/1080p/mp4/file.mp4;SALUD
HOLOBIOMAGNETISMO 2021;5;https://video.wixstatic.com/video/b5f93e_1320f8e857604377a99e5dfa91707453/1080p/mp4/file.mp4;SALUD
HOLOBIOMAGNETISMO 2021;6;https://video.wixstatic.com/video/b5f93e_3bde4a4be535495ca90aa7c9fac939d0/1080p/mp4/file.mp4;SALUD
HOLOBIOMAGNETISMO 2021;7;https://video.wixstatic.com/video/b5f93e_e40c477a636b431c9105c14c7bc6519c/1080p/mp4/file.mp4;SALUD
HOLOBIOMAGNETISMO 2021;8;https://video.wixstatic.com/video/b5f93e_a72109acbaed4393a3830071ab461f96/1080p/mp4/file.mp4;SALUD
HOLOBIOMAGNETISMO 2021;9;https://video.wixstatic.com/video/b5f93e_bbbae1f64811448fa0849a89566d7bb2/1080p/mp4/file.mp4;SALUD
HOLOBIOMAGNETISMO 2021;10;https://video.wixstatic.com/video/b5f93e_fc4fafd9a4fb4f27afb3f51cebfb2f08/1080p/mp4/file.mp4;SALUD
HOLOBIOMAGNETISMO 2021;11;https://video.wixstatic.com/video/b5f93e_3e1f5d3da70e4834a436003abcde2b82/1080p/mp4/file.mp4;SALUD
HOLOBIOMAGNETISMO 2021;12;https://video.wixstatic.com/video/b5f93e_62456c1dd21b4f858ff5222c62072c63/1080p/mp4/file.mp4;SALUD
PSICOSOMATRIX;1;https://video.wixstatic.com/video/4ea8bc_dafe8a98c6284daa8cf38b5da6c8ecf9/720p/mp4/file.mp4;SALUD
PSICOSOMATRIX;2;https://video.wixstatic.com/video/4ea8bc_dafe8a98c6284daa8cf38b5da6c8ecf9/720p/mp4/file.mp4;SALUD
PSICOSOMATICA Y BIODESCODIFICACIÓN 2;1;https://video.wixstatic.com/video/4ea8bc_770998bdfd1d47cbb75409d1850f9086/720p/mp4/file.mp4;SALUD
PSICOSOMATICA Y BIODESCODIFICACIÓN 2;2;https://video.wixstatic.com/video/4ea8bc_770998bdfd1d47cbb75409d1850f9086/720p/mp4/file.mp4;SALUD
PSICOSOMATICA Y BIODESCODIFICACIÓN 2;3;https://video.wixstatic.com/video/4ea8bc_770998bdfd1d47cbb75409d1850f9086/720p/mp4/file.mp4;SALUD
PSICOSOMATICA Y BIODESCODIFICACIÓN 2;4;https://video.wixstatic.com/video/4ea8bc_770998bdfd1d47cbb75409d1850f9086/720p/mp4/file.mp4;SALUD
PSICOSOMATICA Y BIODESCODIFICACIÓN 2;5;https://video.wixstatic.com/video/4ea8bc_770998bdfd1d47cbb75409d1850f9086/720p/mp4/file.mp4;SALUD
PSICOSOMATICA Y BIODESCODIFICACIÓN 2;6;https://video.wixstatic.com/video/4ea8bc_770998bdfd1d47cbb75409d1850f9086/720p/mp4/file.mp4;SALUD
PSICOSOMATICA Y BIODESCODIFICACIÓN 2;7;https://video.wixstatic.com/video/4ea8bc_d1614fbad69f4ef9a23726bdc9917bbe/720p/mp4/file.mp4;SALUD
PSICOSOMATICA Y BIODESCODIFICACIÓN 1;1;https://video.wixstatic.com/video/4ea8bc_b6bff387f05946308912578081561efa/720p/mp4/file.mp4;SALUD
PSICOSOMATICA Y BIODESCODIFICACIÓN 1;2;https://video.wixstatic.com/video/4ea8bc_b6bff387f05946308912578081561efa/720p/mp4/file.mp4;SALUD
PSICOSOMATICA Y BIODESCODIFICACIÓN 1;3;https://video.wixstatic.com/video/4ea8bc_27cdbe0524b842a79fbfcb68b17dcd42/720p/mp4/file.mp4;SALUD
PSICOSOMATICA Y BIODESCODIFICACIÓN 1;4;https://video.wixstatic.com/video/4ea8bc_54aff80be0ef4c3480846e52fadcf049/720p/mp4/file.mp4;SALUD
PSICOSOMATICA Y BIODESCODIFICACIÓN 1;5;https://video.wixstatic.com/video/4ea8bc_98c370e7fc3b42ed88ccb37d32bffad3/720p/mp4/file.mp4;SALUD
PSICOSOMATICA Y BIODESCODIFICACIÓN 1;6;https://video.wixstatic.com/video/4ea8bc_0419e96d671349a0b6f1a26d7e325d05/720p/mp4/file.mp4;SALUD
PSICOSOMATICA Y BIODESCODIFICACIÓN 1;7;https://video.wixstatic.com/video/4ea8bc_21aac72391e04b10a1ff8312b32391b7/720p/mp4/file.mp4;SALUD
PSICOSOMATICA Y BIODESCODIFICACIÓN 1;8;https://video.wixstatic.com/video/4ea8bc_8ed9ec6ea4644de2bf460d010e2be4e9/720p/mp4/file.mp4;SALUD
HOLOBIOMAGNETISMO PARTE 1;1;https://video.wixstatic.com/video/4ea8bc_9747d893453c4033b845b410ecdd45e9/720p/mp4/file.mp4;SALUD
HOLOBIOMAGNETISMO PARTE 1;2;https://video.wixstatic.com/video/4ea8bc_d9954656b7ea489eb66e8c6772cc5cf9/720p/mp4/file.mp4;SALUD
HOLOBIOMAGNETISMO PARTE 1;3;https://video.wixstatic.com/video/4ea8bc_539415ee5f3d489abfe368087aae0dfc/720p/mp4/file.mp4;SALUD
HOLOBIOMAGNETISMO PARTE 1;4;https://video.wixstatic.com/video/4ea8bc_88a5e6a6e45740b096274064eddc8364/720p/mp4/file.mp4;SALUD
HOLOBIOMAGNETISMO PARTE 1;5;https://video.wixstatic.com/video/4ea8bc_330abc856eeb405b965d4c2e4b4fea76/720p/mp4/file.mp4;SALUD
HOLOBIOMAGNETISMO PARTE 1;6;https://video.wixstatic.com/video/4ea8bc_453119c9f6eb4ce5b17ec10a477f875d/720p/mp4/file.mp4;SALUD
HOLOBIOMAGNETISMO PARTE 1;7;https://video.wixstatic.com/video/4ea8bc_db6aa01c79924b7bbea35b2c03924d16/720p/mp4/file.mp4;SALUD
HOLOBIOMAGNETISMO PARTE 1;8;https://video.wixstatic.com/video/4ea8bc_d6d5aec7b1ef4a1b99b32dbd990e4133/720p/mp4/file.mp4;SALUD
HOLOBIOMAGNETISMO PARTE 2;1;https://video.wixstatic.com/video/4ea8bc_a4922ba9ec1a446ab30c84c07fbf29bb/720p/mp4/file.mp4;SALUD
HOLOBIOMAGNETISMO PARTE 2;2;https://video.wixstatic.com/video/4ea8bc_778fa014ae244b3186aa34205257202a/720p/mp4/file.mp4;SALUD
HOLOBIOMAGNETISMO PARTE 2;3;https://video.wixstatic.com/video/4ea8bc_69826aa4387f4ccf90d665dadb7ac548/720p/mp4/file.mp4;SALUD
HOLOBIOMAGNETISMO PARTE 2;4;https://video.wixstatic.com/video/4ea8bc_d5395aaf36064e0d992624b32af51492/720p/mp4/file.mp4;SALUD
HOLOBIOMAGNETISMO PARTE 2;5;https://video.wixstatic.com/video/4ea8bc_d848f87d3d1c4af5bda35e7620f7fcd3/720p/mp4/file.mp4;SALUD
HOLOBIOMAGNETISMO PARTE 2;6;https://video.wixstatic.com/video/4ea8bc_8d03785aafbf4ccbbeb01a64e6ee4133/720p/mp4/file.mp4;SALUD
HOLOBIOMAGNETISMO PARTE 2;7;https://video.wixstatic.com/video/4ea8bc_108b5087904d4eabbdb331eedbb00919/720p/mp4/file.mp4;SALUD
HOLOBIOMAGNETISMO PARTE 2;8;https://video.wixstatic.com/video/4ea8bc_d64826eb53f04860b322ffb6deee18c9/720p/mp4/file.mp4;SALUD
SANACION ENERGETICA INTEGRAL;1;https://video.wixstatic.com/video/4ea8bc_8fd29008d9814bfc910be69d4ffb734f/720p/mp4/file.mp4;DIPLOMADOS
SANACION ENERGETICA INTEGRAL;2;https://video.wixstatic.com/video/4ea8bc_2b56c6ea92b34a4c9b2b5ec01bb42ea5/720p/mp4/file.mp4;DIPLOMADOS
SANACION ENERGETICA INTEGRAL;3;https://video.wixstatic.com/video/4ea8bc_2e7b10539b5f443b864cab09c300837f/720p/mp4/file.mp4;DIPLOMADOS
SANACION ENERGETICA INTEGRAL;4;https://video.wixstatic.com/video/4ea8bc_2a9a8e0f447d475bb8b3995a2cb06dc2/720p/mp4/file.mp4;DIPLOMADOS
SANACION ENERGETICA INTEGRAL;5;https://video.wixstatic.com/video/4ea8bc_f569b260e9754a958cd4c2ab9fe3ef2f/720p/mp4/file.mp4;DIPLOMADOS
SANACION ENERGETICA INTEGRAL;6;https://video.wixstatic.com/video/4ea8bc_3b0213ec1c5e44f29d90b222bb41b824/1080p/mp4/file.mp4;DIPLOMADOS
SANACION ENERGETICA INTEGRAL;7;https://video.wixstatic.com/video/4ea8bc_f0cb9bfa8a5a4cb3bed584e55b1784d2/720p/mp4/file.mp4;DIPLOMADOS
SANACION ENERGETICA INTEGRAL;8;https://video.wixstatic.com/video/4ea8bc_ef4200e2b68041f2887d4423f505dcab/720p/mp4/file.mp4;DIPLOMADOS
SANACION ENERGETICA INTEGRAL;9;https://video.wixstatic.com/video/4ea8bc_ba6eae6c04c34256a5bfa528db141f12/720p/mp4/file.mp4;DIPLOMADOS
SANACION ENERGETICA INTEGRAL;10;https://video.wixstatic.com/video/4ea8bc_cbb55669445a4d51ac2545d635a8d72e/720p/mp4/file.mp4;DIPLOMADOS
SANACION ENERGETICA INTEGRAL;11;https://video.wixstatic.com/video/4ea8bc_91a8839081074f729ac99601fa8f8381/720p/mp4/file.mp4;DIPLOMADOS
SANACION ENERGETICA INTEGRAL;12;https://video.wixstatic.com/video/4ea8bc_1daf100884fe415abd2dcabe031b00ef/720p/mp4/file.mp4;DIPLOMADOS
SANACION ENERGETICA INTEGRAL;13;https://video.wixstatic.com/video/4ea8bc_82a91bcab2fc4dab9e02e429485c80c5/720p/mp4/file.mp4;DIPLOMADOS
SANACION ENERGETICA INTEGRAL;14;https://video.wixstatic.com/video/4ea8bc_c57e54cfab1243a2a46f2bbb27c95149/720p/mp4/file.mp4;DIPLOMADOS
SANACION ENERGETICA INTEGRAL;15;https://video.wixstatic.com/video/4ea8bc_b638244705c843608d7cef63787817a8/720p/mp4/file.mp4;DIPLOMADOS
SANACION ENERGETICA INTEGRAL;16;https://video.wixstatic.com/video/4ea8bc_bd5fa15a46e343b6b38bf814324d8e40/720p/mp4/file.mp4;DIPLOMADOS
SANACION ENERGETICA INTEGRAL;17;https://video.wixstatic.com/video/4ea8bc_1b0f9400eceb4884847b94706e85868a/720p/mp4/file.mp4;DIPLOMADOS
SANACION ENERGETICA INTEGRAL;18;https://video.wixstatic.com/video/4ea8bc_6e2d787d86414f58be26d540da54b7b0/720p/mp4/file.mp4;DIPLOMADOS
SANACION ENERGETICA INTEGRAL;19;https://video.wixstatic.com/video/4ea8bc_30d9d318c38c4570b9b52b6742dced0f/720p/mp4/file.mp4;DIPLOMADOS
SANACION ENERGETICA INTEGRAL;20;https://video.wixstatic.com/video/4ea8bc_c3e0e4d4c1b742acb246d12262fc2571/720p/mp4/file.mp4;DIPLOMADOS
SANACION ENERGETICA INTEGRAL;21;https://video.wixstatic.com/video/4ea8bc_b029580f276d459a896129f3d69d2e94/720p/mp4/file.mp4;DIPLOMADOS
SANACION ENERGETICA INTEGRAL;22;https://video.wixstatic.com/video/4ea8bc_18c96014039f4f07b6393db922c1b7f5/720p/mp4/file.mp4;DIPLOMADOS
SANACION ENERGETICA INTEGRAL;23;https://video.wixstatic.com/video/4ea8bc_c1803a94dba94f73998be924c38dcc85/720p/mp4/file.mp4;DIPLOMADOS
SANACION ENERGETICA INTEGRAL;24;https://video.wixstatic.com/video/4ea8bc_8403602bdf744e67b04fb318b3ab327e/720p/mp4/file.mp4;DIPLOMADOS
ANCESTROS Y RAICES;1;https://video.wixstatic.com/video/4ea8bc_641ce1fd1a49471b955a4aa44ec65bc6/720p/mp4/file.mp4;DIPLOMADOS
ANCESTROS Y RAICES;2;https://video.wixstatic.com/video/4ea8bc_4a1e2f55b3864300b8df1d45077792c0/720p/mp4/file.mp4;DIPLOMADOS
ANCESTROS Y RAICES;3;https://video.wixstatic.com/video/4ea8bc_a7e750f3a0414a69a2d03df6f3484ad6/720p/mp4/file.mp4;DIPLOMADOS
ANCESTROS Y RAICES;4;https://video.wixstatic.com/video/4ea8bc_6a267e3539404775a1940a1b2c1ced74/720p/mp4/file.mp4;DIPLOMADOS
ANCESTROS Y RAICES;5;https://video.wixstatic.com/video/4ea8bc_7b3f0794fcb14d81a2f7de18467bf7a9/720p/mp4/file.mp4;DIPLOMADOS
ANCESTROS Y RAICES;6;https://video.wixstatic.com/video/4ea8bc_d1f3c88e3c6747c5b16755657f57192f/720p/mp4/file.mp4;DIPLOMADOS
ANCESTROS Y RAICES;7;https://video.wixstatic.com/video/4ea8bc_3b0da093ca92445693606cefeefe92d0/720p/mp4/file.mp4;DIPLOMADOS
ANCESTROS Y RAICES;8;https://video.wixstatic.com/video/4ea8bc_58cd0e056da14c4c94e22d54b75c18df/720p/mp4/file.mp4;DIPLOMADOS
ANCESTROS Y RAICES;9;https://video.wixstatic.com/video/4ea8bc_25b5425ff10d4084aa19b65b4b54716f/720p/mp4/file.mp4;DIPLOMADOS
ANCESTROS Y RAICES;10;https://video.wixstatic.com/video/4ea8bc_5f2d1f78ac0e4ecab324115c6f1ba383/720p/mp4/file.mp4;DIPLOMADOS
ANCESTROS Y RAICES;11;https://video.wixstatic.com/video/4ea8bc_baf3c68745524d42961b333d4bc1577a/720p/mp4/file.mp4;DIPLOMADOS
ANCESTROS Y RAICES;12;https://video.wixstatic.com/video/4ea8bc_3f9e3172c11a4e23bce820c2b2277dfb/720p/mp4/file.mp4;DIPLOMADOS
ANCESTROS Y RAICES;13;https://video.wixstatic.com/video/4ea8bc_c21cdcf3026c45cd84b7ecb916523473/720p/mp4/file.mp4;DIPLOMADOS
ANCESTROS Y RAICES;14;https://video.wixstatic.com/video/4ea8bc_2079ad757407432e8ac8dce01b92af58/720p/mp4/file.mp4;DIPLOMADOS
ANCESTROS Y RAICES;15;https://video.wixstatic.com/video/4ea8bc_016e43975c3540e89c4d154b231ab9e5/720p/mp4/file.mp4;DIPLOMADOS
ANCESTROS Y RAICES;16;https://video.wixstatic.com/video/4ea8bc_018fef087c84422aa60d0e8db7be07ce/720p/mp4/file.mp4;DIPLOMADOS
ANCESTROS Y RAICES;17;https://video.wixstatic.com/video/4ea8bc_e29847b8ba4e49c085f784f24b9da5eb/720p/mp4/file.mp4;DIPLOMADOS
ANCESTROS Y RAICES;18;https://video.wixstatic.com/video/4ea8bc_d2a5bdb44eb142c58ecb0a12ef7c2213/720p/mp4/file.mp4;DIPLOMADOS
ANCESTROS Y RAICES;19;https://video.wixstatic.com/video/4ea8bc_8b865b2a7f81456abf0b565250c54121/720p/mp4/file.mp4;DIPLOMADOS
ANCESTROS Y RAICES;20;https://video.wixstatic.com/video/4ea8bc_11f00f1d72a149e6bfb8f99c887d12c5/720p/mp4/file.mp4;DIPLOMADOS
ANCESTROS Y RAICES;21;https://video.wixstatic.com/video/4ea8bc_00b80570865d42cdb200f7924f7b9fd3/720p/mp4/file.mp4;DIPLOMADOS
ANCESTROS Y RAICES;22;https://video.wixstatic.com/video/4ea8bc_d0cab92441354ced9761b3a337d3cf35/720p/mp4/file.mp4;DIPLOMADOS
ANCESTROS Y RAICES;23;https://video.wixstatic.com/video/4ea8bc_935f8627d0d14661a8bc6247477c3638/720p/mp4/file.mp4;DIPLOMADOS
ANCESTROS Y RAICES;24;https://video.wixstatic.com/video/4ea8bc_bf65b1bac24242cd8c8d92b492171da8/720p/mp4/file.mp4;DIPLOMADOS
ANCESTROS Y RAICES;25;https://video.wixstatic.com/video/4ea8bc_ff23355b490a4fa6b767e69ea904aa2f/720p/mp4/file.mp4;DIPLOMADOS
ANCESTROS Y RAICES;26;https://video.wixstatic.com/video/4ea8bc_561f1f85cc084dc88efc3360a07fb287/720p/mp4/file.mp4;DIPLOMADOS
ANCESTROS Y RAICES;27;https://video.wixstatic.com/video/4ea8bc_68a01010faf446148ed4c49d180de608/720p/mp4/file.mp4;DIPLOMADOS
ANCESTROS Y RAICES;28;https://video.wixstatic.com/video/4ea8bc_045c8962999e4b73a3df24e0bc3df00e/720p/mp4/file.mp4;DIPLOMADOS
ANCESTROS Y RAICES;29;https://video.wixstatic.com/video/4ea8bc_e9b3930377084a2597139a6c738b97b2/720p/mp4/file.mp4;DIPLOMADOS
ANCESTROS Y RAICES;30;https://video.wixstatic.com/video/4ea8bc_ce71125fcbdc4d06aa7e47cf57993398/720p/mp4/file.mp4;DIPLOMADOS
ANCESTROS Y RAICES;31;https://video.wixstatic.com/video/4ea8bc_107c08f55552415daa6bd1d3c65cc42f/720p/mp4/file.mp4;DIPLOMADOS
ANCESTROS Y RAICES;32;https://video.wixstatic.com/video/4ea8bc_28e037f30b4f446ab2c27d9102668f67/720p/mp4/file.mp4;DIPLOMADOS
ANCESTROS Y RAICES;33;https://video.wixstatic.com/video/4ea8bc_18da98dbc0754642a4177b9c6000b0ff/720p/mp4/file.mp4;DIPLOMADOS
ANCESTROS Y RAICES;34;https://video.wixstatic.com/video/4ea8bc_fb7dd6a23b9e4ff39cbc8891eb47ba1d/720p/mp4/file.mp4;DIPLOMADOS
ANCESTROS Y RAICES;35;https://video.wixstatic.com/video/4ea8bc_da88127d31ab4adab9ef0029bdf03dd4/720p/mp4/file.mp4;DIPLOMADOS
ANCESTROS Y RAICES;36;https://video.wixstatic.com/video/4ea8bc_0ef69ec42d5746e596e050079df4553e/720p/mp4/file.mp4;DIPLOMADOS
ANCESTROS Y RAICES;37;https://video.wixstatic.com/video/4ea8bc_817b5648cfa642b49d69706303c0143d/720p/mp4/file.mp4;DIPLOMADOS
ANCESTROS Y RAICES;38;https://video.wixstatic.com/video/4ea8bc_137d3f45747f4bd4b7ad91e67ec80360/720p/mp4/file.mp4;DIPLOMADOS
ANCESTROS Y RAICES;39;https://video.wixstatic.com/video/4ea8bc_8b5f9842697c4d288540023f18854048/720p/mp4/file.mp4;DIPLOMADOS
ANCESTROS Y RAICES;40;https://video.wixstatic.com/video/4ea8bc_2c4edc387eb14b18b3eb9aa5e41a433a/720p/mp4/file.mp4;DIPLOMADOS
ANCESTROS Y RAICES;41;https://video.wixstatic.com/video/4ea8bc_4b946c80fd9a46889567bd5cc511fd83/720p/mp4/file.mp4;DIPLOMADOS
ANCESTROS Y RAICES;42;https://video.wixstatic.com/video/4ea8bc_42acb48142394bee8546da34725dfc77/720p/mp4/file.mp4;DIPLOMADOS
ANCESTROS Y RAICES;43;https://video.wixstatic.com/video/4ea8bc_30b349106323456bbf7bb49b88892433/720p/mp4/file.mp4;DIPLOMADOS
ANCESTROS Y RAICES;44;https://video.wixstatic.com/video/4ea8bc_7c816b70d3a04646b8756e8c86f635e4/720p/mp4/file.mp4;DIPLOMADOS
ANCESTROS Y RAICES;45;https://video.wixstatic.com/video/4ea8bc_24f4796afe3445b589240d95dd24b2ac/720p/mp4/file.mp4;DIPLOMADOS
ANCESTROS Y RAICES;46;https://video.wixstatic.com/video/4ea8bc_a0fcae4d7f0b4048878919319d93571c/720p/mp4/file.mp4;DIPLOMADOS
ANCESTROS Y RAICES;47;https://video.wixstatic.com/video/4ea8bc_2555c612dc6f4344905f27e559d62f0a/720p/mp4/file.mp4;DIPLOMADOS
ANCESTROS Y RAICES;48;https://video.wixstatic.com/video/4ea8bc_31ecba2cd24b4b568c28d1551aafe017/720p/mp4/file.mp4;DIPLOMADOS
ANCESTROS Y RAICES;49;https://video.wixstatic.com/video/4ea8bc_521aea3a69c349ad89dc4bcaa1d681c8/720p/mp4/file.mp4;DIPLOMADOS
HOLOPSICOSOMATICA 2020;1;https://video.wixstatic.com/video/4ea8bc_7d7c70bf32c54778965f9ccbbbcd7f8d/720p/mp4/file.mp4;SALUD
HOLOPSICOSOMATICA 2020;2;https://video.wixstatic.com/video/4ea8bc_57816b3b14524e27b1c1bc1a8437d6e0/720p/mp4/file.mp4;SALUD
HOLOPSICOSOMATICA 2020;3;https://video.wixstatic.com/video/4ea8bc_3f4bf35532a14171a609dc30a61e6d44/720p/mp4/file.mp4;SALUD
HOLOPSICOSOMATICA 2020;4;https://video.wixstatic.com/video/4ea8bc_0cb5f84b099a43468105dfdfc619137d/720p/mp4/file.mp4;SALUD
HOLOPSICOSOMATICA 2020;5;https://video.wixstatic.com/video/4ea8bc_9dfbd49002ac43c1998bd8623cf39204/720p/mp4/file.mp4;SALUD
HOLOPSICOSOMATICA 2020;6;https://video.wixstatic.com/video/4ea8bc_f46fe647bb19425bb3d588936cb0fd5f/720p/mp4/file.mp4;SALUD
HOLOPSICOSOMATICA 2020;7;https://video.wixstatic.com/video/4ea8bc_5e207ef3760d446fbd81498a95dec03a/720p/mp4/file.mp4;SALUD
HOLOPSICOSOMATICA 2020;8;https://video.wixstatic.com/video/4ea8bc_082f09bed88641048f0225c75be0881a/720p/mp4/file.mp4;SALUD
HOLOPSICOSOMATICA 2020;9;https://video.wixstatic.com/video/4ea8bc_658ef90127984a0b923e28ff99536d30/720p/mp4/file.mp4;SALUD
HOLOPSICOSOMATICA 2020;10;https://video.wixstatic.com/video/4ea8bc_d0a30279e2fc4101b1f24da279c3c60d/720p/mp4/file.mp4;SALUD
HOLOPSICOSOMATICA 2020;11;https://video.wixstatic.com/video/4ea8bc_709f3121ff0340989a465bb96ee7b196/720p/mp4/file.mp4;SALUD
HOLOPSICOSOMATICA 2020;12;https://video.wixstatic.com/video/4ea8bc_cf4d343285af4067a0a0fafc448e959e/720p/mp4/file.mp4;SALUD
NUMERHOLOGIA;1;https://video.wixstatic.com/video/4ea8bc_f05150d79d7c4d0fa3d4ad3ef5e5680d/720p/mp4/file.mp4;MÍSTICA
NUMERHOLOGIA;2;https://video.wixstatic.com/video/4ea8bc_928e80cbe97348f097cdd79c7ad5d0cf/720p/mp4/file.mp4;MÍSTICA
NUMERHOLOGIA;3;https://video.wixstatic.com/video/4ea8bc_f56b310c0888491ea98cf33756b15e27/720p/mp4/file.mp4;MÍSTICA
NUMERHOLOGIA;4;https://video.wixstatic.com/video/4ea8bc_03e41b476f8543478010b5f42d74deba/720p/mp4/file.mp4;MÍSTICA
NUMERHOLOGIA;5;https://video.wixstatic.com/video/4ea8bc_d451a930e3db4f72a055d1a1db54ace5/720p/mp4/file.mp4;MÍSTICA
NUMERHOLOGIA;6;https://video.wixstatic.com/video/4ea8bc_f6d7821452ba4e6e9a19c47608643086/720p/mp4/file.mp4;MÍSTICA
NUMERHOLOGIA;7;https://video.wixstatic.com/video/4ea8bc_585719480ac04006bc7c1a92cb1d99d7/720p/mp4/file.mp4;MÍSTICA
NUMERHOLOGIA;8;https://video.wixstatic.com/video/4ea8bc_a3fefbcaf4e344dd9d27e70da59e2eff/720p/mp4/file.mp4;MÍSTICA
TALLER NUMEROLOGIA;1;https://video.wixstatic.com/video/4f588e_6ddf68c469ab4d5b8f53fbbee34aaa1d/720p/mp4/file.mp4;MÍSTICA
TALLER NUMEROLOGIA;2;https://video.wixstatic.com/video/4f588e_67a0f8eb30994e31ae6b69a62599e82a/720p/mp4/file.mp4;MÍSTICA
TALLER NUMEROLOGIA;3;https://video.wixstatic.com/video/4f588e_3faec0849adf45ad9fcf4dfd66b3f91d/720p/mp4/file.mp4;MÍSTICA
MEDICINA ENERGÉTICA;1;https://video.wixstatic.com/video/4ea8bc_76bd5ef1e5cc42cb9e3e01aa7b5e06aa/720p/mp4/file.mp4;SALUD
MEDICINA ENERGÉTICA;2;https://video.wixstatic.com/video/4ea8bc_d68a4b2a44cb4c5289fd453f1bfd50ab/720p/mp4/file.mp4;SALUD
MEDICINA ENERGÉTICA;3;https://video.wixstatic.com/video/4ea8bc_130303edabc34be5b1b8847f76406980/720p/mp4/file.mp4;SALUD
MEDICINA ENERGÉTICA;4;https://video.wixstatic.com/video/4ea8bc_11ad6d153a7f4d6ba11924c07c5f1eb2/720p/mp4/file.mp4;SALUD
MEDICINA ENERGÉTICA;5;https://video.wixstatic.com/video/4ea8bc_8b4cc384aa7b48a8a13e38931611dec2/720p/mp4/file.mp4;SALUD
MEDICINA ENERGÉTICA;6;https://video.wixstatic.com/video/4ea8bc_978986931bd14494bfb75e13635cf6a4/720p/mp4/file.mp4;SALUD
MEDICINA ENERGÉTICA;7;https://video.wixstatic.com/video/4ea8bc_a721106484eb4bdf901e9321e9fbe9a4/720p/mp4/file.mp4;SALUD
MEDICINA ENERGÉTICA;8;https://video.wixstatic.com/video/4ea8bc_9e1b37daa6064c40b97ca1ab8600e2dc/720p/mp4/file.mp4;SALUD
MEDICINA ENERGÉTICA;9;https://video.wixstatic.com/video/4ea8bc_127dd16632de4698ad0b4a69d8e9c2de/720p/mp4/file.mp4;SALUD
MEDICINA ENERGÉTICA;10;https://video.wixstatic.com/video/4ea8bc_763eb9ef3d914a43beb69df34cc5fb0e/720p/mp4/file.mp4;SALUD
MEDICINA ENERGÉTICA;11;https://video.wixstatic.com/video/4ea8bc_64ce3d8e883044899403e5f3a2d22cdb/720p/mp4/file.mp4;SALUD
MEDICINA ENERGÉTICA;12;https://video.wixstatic.com/video/4ea8bc_500bd1fcd16942bb90891d2acea13b41/720p/mp4/file.mp4;SALUD
MEDICINA ENERGÉTICA;13;https://video.wixstatic.com/video/4ea8bc_d8d79274d8524fbfb0261c6d486d015c/720p/mp4/file.mp4;SALUD
MEDICINA ENERGÉTICA;14;https://video.wixstatic.com/video/4ea8bc_881b55e68d2844e3833248318b30d4d7/720p/mp4/file.mp4;SALUD
MEDICINA ENERGÉTICA;15;https://video.wixstatic.com/video/4ea8bc_c244acd504dd464f89d1234817382a8d/720p/mp4/file.mp4;SALUD
MEDICINA ENERGÉTICA;16;https://video.wixstatic.com/video/4ea8bc_308004092a5340148908e4a1e48b4660/720p/mp4/file.mp4;SALUD
MEDICINA ENERGÉTICA;17;https://video.wixstatic.com/video/4ea8bc_066b4bbb8e9c4c8e8a38197ca307d490/720p/mp4/file.mp4;SALUD
MEDICINA ENERGÉTICA;18;https://video.wixstatic.com/video/4ea8bc_77dc78ec0fe44138827d61dae0d864b5/720p/mp4/file.mp4;SALUD
MEDICINA ENERGÉTICA;19;https://video.wixstatic.com/video/4ea8bc_fc94fded315c4680a02ed3d1e280501e/720p/mp4/file.mp4;SALUD
MEDICINA ENERGÉTICA;20;https://video.wixstatic.com/video/4ea8bc_dbb764bef3644da1a0f90034a4e3da03/480p/mp4/file.mp4;SALUD
MEDICINA ENERGÉTICA;21;https://video.wixstatic.com/video/4ea8bc_15859a9fa2aa4dd1bd8cd9928aecc93b/480p/mp4/file.mp4;SALUD
MEDICINA ENERGÉTICA;22;https://video.wixstatic.com/video/4ea8bc_cadb41bc2b854780a55d2d35fe80aca1/480p/mp4/file.mp4;SALUD
MEDICINA ENERGÉTICA;23;https://video.wixstatic.com/video/4ea8bc_7d93c3022f454ed48198566507f67e4c/720p/mp4/file.mp4;SALUD
MEDICINA ENERGÉTICA;24;https://video.wixstatic.com/video/4ea8bc_0cf11bc296f34077a4d2abe1c03fb274/720p/mp4/file.mp4;SALUD
MEDICINA ENERGÉTICA;25;https://video.wixstatic.com/video/4ea8bc_4aa54bb7b650481da68ded920e490f5b/720p/mp4/file.mp4;SALUD
TALLER MEDICINA NATURISTA;1;https://video.wixstatic.com/video/b5f93e_9d885b77e48448c4837cabca79cedd95/720p/mp4/file.mp4;SALUD
TALLER MEDICINA NATURISTA;2;https://video.wixstatic.com/video/b5f93e_bb260e9fe4b04677ba164ff7d9624d89/720p/mp4/file.mp4;SALUD
TALLER MEDICINA NATURISTA;3;https://video.wixstatic.com/video/b5f93e_f063e5ce937646f589d23b847ef9b115/720p/mp4/file.mp4;SALUD
TERAPIA HOLISTICA 1;1;https://video.wixstatic.com/video/4ea8bc_f3b9a99e4b7344949b9b873ad039f6e7/720p/mp4/file.mp4;DIPLOMADOS
TERAPIA HOLISTICA 1;2;https://video.wixstatic.com/video/4ea8bc_9e6ecb9a080d4f4ea3399071fef0787f/720p/mp4/file.mp4;DIPLOMADOS
TERAPIA HOLISTICA 1;3;https://video.wixstatic.com/video/4ea8bc_a6fc767a9abc4198a953d395addcae09/720p/mp4/file.mp4;DIPLOMADOS
TERAPIA HOLISTICA 1;4;https://video.wixstatic.com/video/4ea8bc_998047eda5254043a172b51e7f448db4/720p/mp4/file.mp4;DIPLOMADOS
TERAPIA HOLISTICA 1;5;https://video.wixstatic.com/video/4ea8bc_541ce28bf4e44deb9b1a7e147ece12cf/720p/mp4/file.mp4;DIPLOMADOS
TERAPIA HOLISTICA 1;6;https://video.wixstatic.com/video/4ea8bc_b482c7ed2aac4d5a8ae9308013a0cb2e/720p/mp4/file.mp4;DIPLOMADOS
TERAPIA HOLISTICA 1;7;https://video.wixstatic.com/video/4ea8bc_6ed047e83b7e4601a4763b963890e458/720p/mp4/file.mp4;DIPLOMADOS
TERAPIA HOLISTICA 1;8;https://video.wixstatic.com/video/4ea8bc_fb8347565c8343c18a603eed5311d74a/360p/mp4/file.mp4;DIPLOMADOS
TERAPIA HOLISTICA 1;9;https://video.wixstatic.com/video/4ea8bc_a43be7432d474aa2b980afccf9a3a971/360p/mp4/file.mp4;DIPLOMADOS
TERAPIA HOLISTICA 1;10;https://video.wixstatic.com/video/4ea8bc_ea395229702d48efb0676b9a830891e3/360p/mp4/file.mp4;DIPLOMADOS
TERAPIA HOLISTICA 1;11;https://video.wixstatic.com/video/4ea8bc_923b383fc2374c4eaf827a828cbcc8e5/720p/mp4/file.mp4;DIPLOMADOS
TERAPIA HOLISTICA 1;12;https://video.wixstatic.com/video/4ea8bc_e950ebffd96e4211a546f1f037c9e097/720p/mp4/file.mp4;DIPLOMADOS
TERAPIA HOLISTICA 1;13;https://video.wixstatic.com/video/4ea8bc_71019d5e05f64de8899087c38f65048c/720p/mp4/file.mp4;DIPLOMADOS
TERAPIA HOLISTICA 1;14;https://video.wixstatic.com/video/4ea8bc_8b2529dcd92b4dac80813c6b49cbccc0/720p/mp4/file.mp4;DIPLOMADOS
TERAPIA HOLISTICA 1;15;https://video.wixstatic.com/video/4ea8bc_a9dfead3eb0343f8859fb55a9951877b/720p/mp4/file.mp4;DIPLOMADOS
TERAPIA HOLISTICA 1;16;https://video.wixstatic.com/video/4ea8bc_25e5003fa32c4a6685cf9c1f34945fdb/720p/mp4/file.mp4;DIPLOMADOS
TERAPIA HOLISTICA 1;17;https://video.wixstatic.com/video/4ea8bc_18ad77eb955c4c6fa2a1dbfce572a13e/720p/mp4/file.mp4;DIPLOMADOS
TERAPIA HOLISTICA 1;18;https://video.wixstatic.com/video/4ea8bc_3c6b1095674c436ebf6dbb76b2a1eb0c/720p/mp4/file.mp4;DIPLOMADOS
TERAPIA HOLISTICA 1;19;https://video.wixstatic.com/video/4ea8bc_43decec4d9c44388835ffd1845356294/720p/mp4/file.mp4;DIPLOMADOS
TERAPIA HOLISTICA 1;20;https://video.wixstatic.com/video/4ea8bc_28cc27de3b2a4ac1bd1765c19a955bf3/720p/mp4/file.mp4;DIPLOMADOS
TERAPIA HOLISTICA 1;21;https://video.wixstatic.com/video/4ea8bc_7343a7a7b4e14848b829b55fc97aa5dc/720p/mp4/file.mp4;DIPLOMADOS
TERAPIA HOLISTICA 1;22;https://video.wixstatic.com/video/4ea8bc_4d9d5c7c459c4c7d8bb0c73a5fa39c09/720p/mp4/file.mp4;DIPLOMADOS
TERAPIA HOLISTICA 1;23;https://video.wixstatic.com/video/4ea8bc_8007eed327034e52af22f734490e385d/720p/mp4/file.mp4;DIPLOMADOS
TERAPIA HOLISTICA 1;24;https://video.wixstatic.com/video/4ea8bc_34903d250af34b06ae37c47b9729567b/720p/mp4/file.mp4;DIPLOMADOS
TERAPIA HOLISTICA 1;25;https://video.wixstatic.com/video/4ea8bc_c15ad69fdb5a45e9a87681447a5acd82/720p/mp4/file.mp4;DIPLOMADOS
TERAPIA HOLISTICA 1;26;https://video.wixstatic.com/video/4ea8bc_ea11ee040a5b47e682b5e5938a298838/720p/mp4/file.mp4;DIPLOMADOS
TERAPIA HOLISTICA 1;27;https://video.wixstatic.com/video/4ea8bc_5c8455e887ca4610a31dba0a12701d25/720p/mp4/file.mp4;DIPLOMADOS
TERAPIA HOLISTICA 1;28;https://video.wixstatic.com/video/4ea8bc_0cf209e139ba47ea9d9008b0921fcae8/720p/mp4/file.mp4;DIPLOMADOS
TERAPIA HOLISTICA 1;29;https://video.wixstatic.com/video/4ea8bc_97667f61969c4d8992dc0650453d11bc/720p/mp4/file.mp4;DIPLOMADOS
TERAPIA HOLISTICA 1;30;https://video.wixstatic.com/video/4ea8bc_85528c4c2b8a4cebaab1e4cb75256f0f/720p/mp4/file.mp4;DIPLOMADOS
TERAPIA HOLISTICA 1;31;https://video.wixstatic.com/video/4ea8bc_28a934de46be4e7395b22a7dd3469c47/720p/mp4/file.mp4;DIPLOMADOS
TERAPIA HOLISTICA 1;32;https://video.wixstatic.com/video/4ea8bc_78b02ba538e448c6bf79893accbac785/720p/mp4/file.mp4;DIPLOMADOS
TERAPIA HOLISTICA 1;33;https://video.wixstatic.com/video/4ea8bc_aa05c4bbc04c437b81538804e579ec5e/720p/mp4/file.mp4;DIPLOMADOS
TERAPIA HOLISTICA 1;34;https://video.wixstatic.com/video/4ea8bc_f06cf3468d77478a971d4cb6a2936e23/720p/mp4/file.mp4;DIPLOMADOS
TERAPIA HOLISTICA 1;35;https://video.wixstatic.com/video/4ea8bc_14487597a53c4aae9a0d978f738af2e8/720p/mp4/file.mp4;DIPLOMADOS
TERAPIA HOLISTICA 1;36;https://video.wixstatic.com/video/4ea8bc_03e81d59812941a9bee7d9e61ffd737b/720p/mp4/file.mp4;DIPLOMADOS
TERAPIA HOLISTICA 1;37;https://video.wixstatic.com/video/4ea8bc_5ae5f0af718543ea873793479666e6db/720p/mp4/file.mp4;DIPLOMADOS
TERAPIA HOLISTICA 1;38;https://video.wixstatic.com/video/4ea8bc_951aa05c4f034425be1913da71bb457d/720p/mp4/file.mp4;DIPLOMADOS
TERAPIA HOLISTICA 1;39;https://video.wixstatic.com/video/4ea8bc_06b5c9d839e94672940904e607f2d5be/720p/mp4/file.mp4;DIPLOMADOS
TERAPIA HOLISTICA 1;40;https://video.wixstatic.com/video/4ea8bc_6b73023260914ebc95deb4fc5e6c200a/720p/mp4/file.mp4;DIPLOMADOS
TERAPIA HOLISTICA 1;41;https://video.wixstatic.com/video/4ea8bc_dea92649ac30460cb156502cd325fccb/720p/mp4/file.mp4;DIPLOMADOS
TERAPIA HOLISTICA 1;42;https://video.wixstatic.com/video/4ea8bc_98a66037a93f4ec9821aac37accdb21e/720p/mp4/file.mp4;DIPLOMADOS
TERAPIA HOLISTICA 1;43;https://video.wixstatic.com/video/4ea8bc_ec2f7243a142497a90efb4dc79c23833/720p/mp4/file.mp4;DIPLOMADOS
TERAPIA HOLISTICA 1;44;https://video.wixstatic.com/video/4ea8bc_9f36fce3d66a40ecb2ca86fe68aa86c8/720p/mp4/file.mp4;DIPLOMADOS
TERAPIA HOLISTICA 1;45;https://video.wixstatic.com/video/4ea8bc_703762763f364df4b86725ef203bb42d/720p/mp4/file.mp4;DIPLOMADOS
TERAPIA HOLISTICA 1;46;https://video.wixstatic.com/video/4ea8bc_d3fa408a103b4cdab330a2a72a5fda24/720p/mp4/file.mp4;DIPLOMADOS
TERAPIA HOLISTICA 1;47;https://video.wixstatic.com/video/4ea8bc_f43f5c99e9ce4d46a70db689e0852780/720p/mp4/file.mp4;DIPLOMADOS
TERAPIA HOLISTICA 1;48;https://video.wixstatic.com/video/4ea8bc_85ced347be714431a9f5652eaa058879/720p/mp4/file.mp4;DIPLOMADOS
TERAPIA HOLISTICA 1;49;https://video.wixstatic.com/video/4ea8bc_3456fc4bf2524ef395c4b8d1b0a6000e/720p/mp4/file.mp4;DIPLOMADOS
TERAPIA HOLISTICA 1;50;https://video.wixstatic.com/video/4ea8bc_8ab340cec2e443b48f0707b6865a12fd/720p/mp4/file.mp4;DIPLOMADOS
TERAPIA HOLISTICA 1;51;https://video.wixstatic.com/video/4ea8bc_f43f5c99e9ce4d46a70db689e0852780/720p/mp4/file.mp4;DIPLOMADOS
TERAPIA HOLISTICA 1;52;https://video.wixstatic.com/video/4ea8bc_01e67ae121084f4bb447e98ccdc21e50/720p/mp4/file.mp4;DIPLOMADOS
TERAPIA HOLISTICA 1;53;https://video.wixstatic.com/video/4ea8bc_ab0fbf73d1414a8c8835e3d5a99fb303/720p/mp4/file.mp4;DIPLOMADOS
TERAPIA HOLISTICA 1;54;https://video.wixstatic.com/video/4ea8bc_300fe3a26b3940c4a8aa19370de4393f/720p/mp4/file.mp4;DIPLOMADOS
TERAPIA HOLISTICA 1;55;https://video.wixstatic.com/video/b5f93e_b11a0b98add84c2787ee4cdcb66229a3/720p/mp4/file.mp4;DIPLOMADOS
TERAPIA HOLISTICA 1;56;https://video.wixstatic.com/video/4ea8bc_2d08ad2196ee49d583bd593b1ca03d4f/720p/mp4/file.mp4;DIPLOMADOS
TERAPIA HOLISTICA 1;57;https://video.wixstatic.com/video/4ea8bc_bccc423c88b54f61884bd75e0d1c0769/720p/mp4/file.mp4;DIPLOMADOS
TERAPIA HOLISTICA 1;58;https://video.wixstatic.com/video/4ea8bc_cf77eb7edd4a496abeea0105ddce5eb8/720p/mp4/file.mp4;DIPLOMADOS
TERAPIA HOLISTICA 1;59;https://video.wixstatic.com/video/4ea8bc_2f32792eaba644a6916fe3d42079d575/720p/mp4/file.mp4;DIPLOMADOS
TERAPIA HOLISTICA 1;60;https://video.wixstatic.com/video/b5f93e_21f04e660ef5479c80e861435ade3343/720p/mp4/file.mp4;DIPLOMADOS
TERAPIA HOLISTICA 1;61;https://video.wixstatic.com/video/4ea8bc_ce6eb2e613c84e21b93e855ee3969131/720p/mp4/file.mp4;DIPLOMADOS
TERAPIA HOLISTICA 1;62;https://video.wixstatic.com/video/b5f93e_a1d39ca5ab7644edb4fe108f06831353/720p/mp4/file.mp4;DIPLOMADOS
TERAPIA HOLISTICA 1;63;https://video.wixstatic.com/video/b5f93e_8f5526dc24c7459bb9b2e47414ada27c/1080p/mp4/file.mp4;DIPLOMADOS
TERAPIA HOLISTICA 1;64;https://video.wixstatic.com/video/b5f93e_c16d3f79d23f4a989d5d58ed634de55c/1080p/mp4/file.mp4;DIPLOMADOS
TERAPIA HOLISTICA 1;65;https://video.wixstatic.com/video/4ea8bc_9f47c70fa0a045cbbac12036e685274c/720p/mp4/file.mp4;DIPLOMADOS
TERAPIA HOLISTICA 1;66;https://video.wixstatic.com/video/4ea8bc_182815c973e84543a64e219eed8ef8b2/720p/mp4/file.mp4;DIPLOMADOS
TERAPIA HOLISTICA 1;67;https://video.wixstatic.com/video/b5f93e_d4048e5be9034d6e8ccff1bbdac9c692/720p/mp4/file.mp4;DIPLOMADOS
TERAPIA HOLISTICA 1;68;https://video.wixstatic.com/video/4ea8bc_3512c9f52a264189bfffac922eb307f0/720p/mp4/file.mp4;DIPLOMADOS
TERAPIA HOLISTICA 1;69;https://video.wixstatic.com/video/b5f93e_8ad8ea51346a48749d03fa2cb049a4fa/720p/mp4/file.mp4;DIPLOMADOS
TERAPIA HOLISTICA 1;70;https://video.wixstatic.com/video/b5f93e_3db8114538e546c8a57118eac8344413/720p/mp4/file.mp4;DIPLOMADOS
TERAPIA HOLISTICA 1;71;https://video.wixstatic.com/video/b5f93e_f923e0c08d3c4869a00950a54ba7a04f/720p/mp4/file.mp4;DIPLOMADOS
TERAPIA HOLISTICA 1;72;https://video.wixstatic.com/video/b5f93e_d7f15ce4d42544d8a99ecc0b5ff313d7/1080p/mp4/file.mp4;DIPLOMADOS
TERAPIA HOLISTICA 1;73;https://video.wixstatic.com/video/4ea8bc_13e2e37aeafb4e46a4aef9f9604ab9ae/360p/mp4/file.mp4;DIPLOMADOS
TERAPIA HOLISTICA 1;74;https://video.wixstatic.com/video/4ea8bc_8f1040dbfa8b4405b77092c1fd7f5948/360p/mp4/file.mp4;DIPLOMADOS
TERAPIA HOLISTICA 1;75;https://video.wixstatic.com/video/4ea8bc_8b27fa0c2a2b4734a3b05fe42b456a4c/360p/mp4/file.mp4;DIPLOMADOS
TERAPIA HOLISTICA 1;76;https://video.wixstatic.com/video/4ea8bc_0fd47bb5e2b8444db6baa0f7cbaf750b/360p/mp4/file.mp4;DIPLOMADOS
TERAPIA HOLISTICA 1;77;https://video.wixstatic.com/video/b5f93e_09c5c7203bca40e7bec06c8969153341/720p/mp4/file.mp4;DIPLOMADOS
TERAPIA HOLISTICA 1;78;https://video.wixstatic.com/video/b5f93e_2e3015d80f3840e397fa61826afe9cb7/720p/mp4/file.mp4;DIPLOMADOS
TERAPIA HOLISTICA 1;79;https://video.wixstatic.com/video/b5f93e_5656d09097c749fda05cc48e42f4fb40/1080p/mp4/file.mp4;DIPLOMADOS
TERAPIA HOLISTICA 1;80;https://video.wixstatic.com/video/b5f93e_6e418ea19be448da94c8b1c0c5ad181b/720p/mp4/file.mp4;DIPLOMADOS
TERAPIA HOLISTICA 1;81;https://video.wixstatic.com/video/b5f93e_e6755172a42344e2bf17c876bfb922bd/720p/mp4/file.mp4;DIPLOMADOS
TERAPIA HOLISTICA 1;82;https://video.wixstatic.com/video/b5f93e_4e5f6e22b0884e06adbde56b342789e6/720p/mp4/file.mp4;DIPLOMADOS
TERAPIA HOLISTICA 1;83;https://video.wixstatic.com/video/b5f93e_87bf921874ca432596e37c07e537d92a/720p/mp4/file.mp4;DIPLOMADOS
TERAPIA HOLISTICA 1;84;https://video.wixstatic.com/video/b5f93e_08190915058048129469f133cd3e3040/720p/mp4/file.mp4;DIPLOMADOS
TERAPIA HOLISTICA 1;85;https://video.wixstatic.com/video/b5f93e_6103a0f747204a8396ac1a446e0e561d/720p/mp4/file.mp4;DIPLOMADOS
TERAPIA HOLISTICA 1;86;https://video.wixstatic.com/video/b5f93e_ac6ce3c43120436694ba9e91944b6106/720p/mp4/file.mp4;DIPLOMADOS
TERAPIA HOLISTICA 1;87;https://video.wixstatic.com/video/b5f93e_3fefd0cf20fc45008335b82e2cb597bd/1080p/mp4/file.mp4;DIPLOMADOS
TERAPIA HOLISTICA 1;88;https://video.wixstatic.com/video/b5f93e_4524b87cbb6048029b14a42fe5510aec/720p/mp4/file.mp4;DIPLOMADOS
TERAPIA HOLISTICA 1;89;https://video.wixstatic.com/video/b5f93e_c8aa92478eb24cadb11b831ec510d372/720p/mp4/file.mp4;DIPLOMADOS
TERAPIA HOLISTICA 1;90;https://video.wixstatic.com/video/4ea8bc_feedfadde3ab4a75a79575a3c99cb56b/720p/mp4/file.mp4;DIPLOMADOS
TERAPIA HOLISTICA 1;91;https://video.wixstatic.com/video/4ea8bc_c0b89d22031c455ea2dbea468b1775c9/720p/mp4/file.mp4;DIPLOMADOS
TERAPIA HOLISTICA 1;92;https://video.wixstatic.com/video/b5f93e_94b408e9215d4611912e71c75f653ee6/720p/mp4/file.mp4;DIPLOMADOS
TERAPIA HOLISTICA 1;93;https://video.wixstatic.com/video/b5f93e_5f25be1b6a664176a21f8e4a3bbea0bf/1080p/mp4/file.mp4;DIPLOMADOS
TERAPIA HOLISTICA 1;94;https://video.wixstatic.com/video/b5f93e_aed5ad6de388473e9f6d1a2aa5c85ac4/720p/mp4/file.mp4;DIPLOMADOS
TERAPIA HOLISTICA 2;1;https://video.wixstatic.com/video/4ea8bc_bed9a35ca36c493083511500cfc815ec/720p/mp4/file.mp4;DIPLOMADOS
TERAPIA HOLISTICA 2;2;https://video.wixstatic.com/video/4ea8bc_06dfa60141204457b15a4a07049d968d/720p/mp4/file.mp4;DIPLOMADOS
TERAPIA HOLISTICA 2;3;https://video.wixstatic.com/video/4ea8bc_0f9d3417b75c422188e652ca5720733b/720p/mp4/file.mp4;DIPLOMADOS
TERAPIA HOLISTICA 2;4;https://video.wixstatic.com/video/4ea8bc_08afbef0d3114b2883de9941701cadd0/720p/mp4/file.mp4;DIPLOMADOS
TERAPIA HOLISTICA 2;5;https://video.wixstatic.com/video/4ea8bc_acb8f1ec180e47f3a6f1659ed97e92c9/720p/mp4/file.mp4;DIPLOMADOS
TERAPIA HOLISTICA 2;6;https://video.wixstatic.com/video/4ea8bc_bda71188608d4a7aae1584bde84f0430/720p/mp4/file.mp4;DIPLOMADOS
TERAPIA HOLISTICA 2;7;https://video.wixstatic.com/video/4ea8bc_043eae027ae94bd1904e1127a34c6e6a/720p/mp4/file.mp4;DIPLOMADOS
TERAPIA HOLISTICA 2;8;https://video.wixstatic.com/video/4ea8bc_1cfe7d48e64b4c86a7f1269f8081c3d5/720p/mp4/file.mp4;DIPLOMADOS
TERAPIA HOLISTICA 2;9;https://video.wixstatic.com/video/4ea8bc_8f4426565af7449bbba40385fe2c9c27/720p/mp4/file.mp4;DIPLOMADOS
TERAPIA HOLISTICA 2;10;https://video.wixstatic.com/video/4ea8bc_389ebebf516546bd8f1a4985c1c21e22/720p/mp4/file.mp4;DIPLOMADOS
TERAPIA HOLISTICA 2;11;https://video.wixstatic.com/video/4ea8bc_574898a3641d4237802059448ab9f696/720p/mp4/file.mp4;DIPLOMADOS
TERAPIA HOLISTICA 2;12;https://video.wixstatic.com/video/4ea8bc_ad98f652326246298aad2dbe9b3be97e/720p/mp4/file.mp4;DIPLOMADOS
TERAPIA HOLISTICA 2;13;https://video.wixstatic.com/video/4ea8bc_f6962451b77d4adcb25cf0987e2885ad/720p/mp4/file.mp4;DIPLOMADOS
TERAPIA HOLISTICA 2;14;https://video.wixstatic.com/video/4ea8bc_60fc4756dd544e74937d0f8d37adc653/720p/mp4/file.mp4;DIPLOMADOS
TERAPIA HOLISTICA 2;15;https://video.wixstatic.com/video/4ea8bc_7abc5f1b14f0420184d3b4bcc8bc6905/720p/mp4/file.mp4;DIPLOMADOS
TERAPIA HOLISTICA 2;16;https://video.wixstatic.com/video/4ea8bc_bc2a703ac69f41e8890c0d97d7181742/720p/mp4/file.mp4;DIPLOMADOS
TERAPIA HOLISTICA 2;17;https://video.wixstatic.com/video/4ea8bc_ecbda893aec34d269fb9c58bd6771eb9/720p/mp4/file.mp4;DIPLOMADOS
TERAPIA HOLISTICA 2;18;https://video.wixstatic.com/video/4ea8bc_2e4f29de9062473ab56b892be439f4d8/720p/mp4/file.mp4;DIPLOMADOS
TERAPIA HOLISTICA 2;19;https://video.wixstatic.com/video/4ea8bc_a458b66a56254426817841abe8aab4c4/720p/mp4/file.mp4;DIPLOMADOS
TERAPIA HOLISTICA 2;20;https://video.wixstatic.com/video/4ea8bc_5502cc3d9916444c951bfe8512f84a68/720p/mp4/file.mp4;DIPLOMADOS
TERAPIA HOLISTICA 2;21;https://video.wixstatic.com/video/4ea8bc_2f603e2a49374303ab3ec2e515037a08/720p/mp4/file.mp4;DIPLOMADOS
TERAPIA HOLISTICA 2;22;https://video.wixstatic.com/video/4ea8bc_e540431acef44739b28ddc64ee5b8bd7/720p/mp4/file.mp4;DIPLOMADOS
TERAPIA HOLISTICA 2;23;https://video.wixstatic.com/video/4ea8bc_bc2a703ac69f41e8890c0d97d7181742/720p/mp4/file.mp4;DIPLOMADOS
TERAPIA HOLISTICA 2;24;https://video.wixstatic.com/video/4ea8bc_ecbda893aec34d269fb9c58bd6771eb9/720p/mp4/file.mp4;DIPLOMADOS
TERAPIA HOLISTICA 2;25;https://video.wixstatic.com/video/4ea8bc_2e4f29de9062473ab56b892be439f4d8/720p/mp4/file.mp4;DIPLOMADOS
TERAPIA HOLISTICA 2;26;https://video.wixstatic.com/video/4ea8bc_a458b66a56254426817841abe8aab4c4/720p/mp4/file.mp4;DIPLOMADOS
TERAPIA HOLISTICA 2;27;https://video.wixstatic.com/video/4ea8bc_5502cc3d9916444c951bfe8512f84a68/720p/mp4/file.mp4;DIPLOMADOS
TERAPIA HOLISTICA 2;28;https://video.wixstatic.com/video/4ea8bc_2f603e2a49374303ab3ec2e515037a08/720p/mp4/file.mp4;DIPLOMADOS
TERAPIA HOLISTICA 2;29;https://video.wixstatic.com/video/4ea8bc_e540431acef44739b28ddc64ee5b8bd7/720p/mp4/file.mp4;DIPLOMADOS
TERAPIA HOLISTICA 2;30;https://video.wixstatic.com/video/4ea8bc_a2f2c1a40a304b20a4f2550f34062d7a/720p/mp4/file.mp4;DIPLOMADOS
TERAPIA HOLISTICA 2;31;https://video.wixstatic.com/video/4ea8bc_2045c49e909046a48b8dddf1cf7480c2/720p/mp4/file.mp4;DIPLOMADOS
TERAPIA HOLISTICA 2;32;https://video.wixstatic.com/video/4ea8bc_ac04f2cebde149129c7e893ec4127a7a/720p/mp4/file.mp4;DIPLOMADOS
TERAPIA HOLISTICA 2;33;https://video.wixstatic.com/video/4ea8bc_7c2c2c2bb41647aba8788f4d53d93102/720p/mp4/file.mp4;DIPLOMADOS
TERAPIA HOLISTICA 2;34;https://video.wixstatic.com/video/4ea8bc_f2a99932986646ffb66abecb01f8e11e/720p/mp4/file.mp4;DIPLOMADOS
TERAPIA HOLISTICA 2;35;https://video.wixstatic.com/video/4ea8bc_d18e80861ad1493494de582459ae9641/720p/mp4/file.mp4;DIPLOMADOS
TERAPIA HOLISTICA 2;36;https://video.wixstatic.com/video/4ea8bc_15f4dc16bdf54a30900b5b4ce5236cf5/720p/mp4/file.mp4;DIPLOMADOS
TERAPIA HOLISTICA 2;37;https://video.wixstatic.com/video/4ea8bc_7ce6ec2a9a284685b0c9542d84c83b05/720p/mp4/file.mp4;DIPLOMADOS
TERAPIA HOLISTICA 2;38;https://video.wixstatic.com/video/4ea8bc_f54ba59f1f08499b83108304d0a7869b/720p/mp4/file.mp4;DIPLOMADOS
TERAPIA HOLISTICA 2;39;https://video.wixstatic.com/video/4ea8bc_4636f145e14d47b8998441056095cdd2/720p/mp4/file.mp4;DIPLOMADOS
TERAPIA HOLISTICA 2;40;https://video.wixstatic.com/video/4ea8bc_f14c9c2e18d141898b299369c662c03f/720p/mp4/file.mp4;DIPLOMADOS
TERAPIA HOLISTICA 2;41;https://video.wixstatic.com/video/4ea8bc_b5b054903a4d492694e7a032bae8852c/720p/mp4/file.mp4;DIPLOMADOS
TERAPIA HOLISTICA 2;42;https://video.wixstatic.com/video/4ea8bc_ded204769e97462e8d4abd34377dad41/720p/mp4/file.mp4;DIPLOMADOS
TERAPIA HOLISTICA 2;43;https://video.wixstatic.com/video/4ea8bc_3d69c5e5681645efbe60fae0145511cf/720p/mp4/file.mp4;DIPLOMADOS
TERAPIA HOLISTICA 2;44;https://video.wixstatic.com/video/4ea8bc_651fb5cacd93462389f464d752d71f11/720p/mp4/file.mp4;DIPLOMADOS
TERAPIA HOLISTICA 2;45;https://video.wixstatic.com/video/4ea8bc_2ad5524a3a974c6a8c2d910b3866a0f0/720p/mp4/file.mp4;DIPLOMADOS
TERAPIA HOLISTICA 2;46;https://video.wixstatic.com/video/4ea8bc_caeafa636bc14703b927093e5dc0ce4d/720p/mp4/file.mp4;DIPLOMADOS
TERAPIA HOLISTICA 2;47;https://video.wixstatic.com/video/4ea8bc_430f8352d14a4afba4d4fea3daa5fc6f/720p/mp4/file.mp4;DIPLOMADOS
TERAPIA HOLISTICA 2;48;https://video.wixstatic.com/video/4ea8bc_805dedf0ceb54ab18ee081a1fe4f7b4b/720p/mp4/file.mp4;DIPLOMADOS
TERAPIA HOLISTICA 2;49;https://video.wixstatic.com/video/4ea8bc_89d8b2a6b6e746e8bac18e726e024e74/720p/mp4/file.mp4;DIPLOMADOS
TERAPIA HOLISTICA 2;50;https://video.wixstatic.com/video/4ea8bc_4c04910b4b0f4c7ca4dae1bb2f495f03/720p/mp4/file.mp4;DIPLOMADOS
TERAPIA HOLISTICA 2;51;https://video.wixstatic.com/video/4ea8bc_c66eb4c12da5476989a15e2989eb44c7/720p/mp4/file.mp4;DIPLOMADOS
PRACTICA MISTICA 1;1;https://video.wixstatic.com/video/b5f93e_94a58401a4874c66978fb24bfad6c6a1/360p/mp4/file.mp4;DIPLOMADOS
PRACTICA MISTICA 1;2;https://video.wixstatic.com/video/b5f93e_7aab6efb220f4913b2cd9258797cc146/360p/mp4/file.mp4;DIPLOMADOS
PRACTICA MISTICA 1;3;https://video.wixstatic.com/video/b5f93e_659c9730f61b41a482a5f334d0bb5b86/720p/mp4/file.mp4;DIPLOMADOS
PRACTICA MISTICA 1;4;https://video.wixstatic.com/video/4ea8bc_090beba7d30547a783424d4a010eb5d1/360p/mp4/file.mp4;DIPLOMADOS
PRACTICA MISTICA 1;5;https://video.wixstatic.com/video/4ea8bc_79e163f77e5644f8b1b60672c1b934c6/720p/mp4/file.mp4;DIPLOMADOS
PRACTICA MISTICA 1;6;https://video.wixstatic.com/video/4ea8bc_c8a3219da3b54df3a554d50c8cc2af0b/720p/mp4/file.mp4;DIPLOMADOS
PRACTICA MISTICA 1;7;https://video.wixstatic.com/video/b5f93e_13bb843e71d84742aa418dd7c4da079e/720p/mp4/file.mp4;DIPLOMADOS
PRACTICA MISTICA 1;8;https://video.wixstatic.com/video/b5f93e_3f7b748630ab4d2aa88a25467e552999/1080p/mp4/file.mp4;DIPLOMADOS
PRACTICA MISTICA 1;9;https://video.wixstatic.com/video/4ea8bc_c582e678d71b4e37bac50026a3b04a38/720p/mp4/file.mp4;DIPLOMADOS
PRACTICA MISTICA 1;10;https://video.wixstatic.com/video/b5f93e_205d6279da3f410d81ff1645f4cb7900/720p/mp4/file.mp4;DIPLOMADOS
PRACTICA MISTICA 1;11;https://video.wixstatic.com/video/4ea8bc_2e2f07503ffb4a248e7554b4aea027d4/360p/mp4/file.mp4;DIPLOMADOS
PRACTICA MISTICA 1;12;https://video.wixstatic.com/video/b5f93e_bafb86463072400ab2cc48f69d489f2c/720p/mp4/file.mp4;DIPLOMADOS
PRACTICA MISTICA 1;13;https://video.wixstatic.com/video/4ea8bc_f588f2c61baf4454b8a9691698740150/720p/mp4/file.mp4;DIPLOMADOS
PRACTICA MISTICA 1;14;https://video.wixstatic.com/video/b5f93e_49444598cf7e4eefa9eae97f36d73803/720p/mp4/file.mp4;DIPLOMADOS
PRACTICA MISTICA 1;15;https://video.wixstatic.com/video/4ea8bc_43b86160e92a4d79b6819f8502825ebf/720p/mp4/file.mp4;DIPLOMADOS
PRACTICA MISTICA 1;16;https://video.wixstatic.com/video/b5f93e_f0ca0cb0d1464145bd8157662db46ad3/720p/mp4/file.mp4;DIPLOMADOS
PRACTICA MISTICA 1;17;https://video.wixstatic.com/video/4ea8bc_a7d7d1448b0c4ab3a55bc3d4c6342138/720p/mp4/file.mp4;DIPLOMADOS
PRACTICA MISTICA 1;18;https://video.wixstatic.com/video/b5f93e_5893c8bab6f64b38a632471a49dace4f/720p/mp4/file.mp4;DIPLOMADOS
PRACTICA MISTICA 1;19;https://video.wixstatic.com/video/4ea8bc_1b2662ec9198425b80c198b90a227c91/720p/mp4/file.mp4;DIPLOMADOS
PRACTICA MISTICA 1;20;https://video.wixstatic.com/video/b5f93e_1810a0ce97f34bf586098d0d4e0d205d/720p/mp4/file.mp4;DIPLOMADOS
PRACTICA MISTICA 1;21;https://video.wixstatic.com/video/4ea8bc_1b2662ec9198425b80c198b90a227c91/720p/mp4/file.mp4;DIPLOMADOS
PRACTICA MISTICA 1;22;https://video.wixstatic.com/video/b5f93e_1810a0ce97f34bf586098d0d4e0d205d/720p/mp4/file.mp4;DIPLOMADOS
PRACTICA MISTICA 1;23;https://video.wixstatic.com/video/4ea8bc_d9877bcec99245d2a550aa013efa9b86/360p/mp4/file.mp4;DIPLOMADOS
PRACTICA MISTICA 1;24;https://video.wixstatic.com/video/b5f93e_e67ec5916580400c9356d8f4ae1a919b/720p/mp4/file.mp4;DIPLOMADOS
PRACTICA MISTICA 1;25;https://video.wixstatic.com/video/4ea8bc_d02244ea8baa4b85b162d122b4acd410/720p/mp4/file.mp4;DIPLOMADOS
PRACTICA MISTICA 1;26;https://video.wixstatic.com/video/b5f93e_b52c725999cd47f1b432c9b74bbeb6cf/720p/mp4/file.mp4;DIPLOMADOS
PRACTICA MISTICA 1;27;https://video.wixstatic.com/video/b5f93e_86fdf7a7f9044abdbc6df2f8854e4d8a/1080p/mp4/file.mp4;DIPLOMADOS
PRACTICA MISTICA 1;28;https://video.wixstatic.com/video/b5f93e_88a6ea3fc7d74a38860b9744ca94cc54/1080p/mp4/file.mp4;DIPLOMADOS
PRACTICA MISTICA 1;29;https://video.wixstatic.com/video/4ea8bc_b0518ebf9494497c8b1998ef013b80a2/360p/mp4/file.mp4;DIPLOMADOS
PRACTICA MISTICA 1;30;https://video.wixstatic.com/video/4ea8bc_cfbdb660b2c1480d9dba74ea9bc57e97/360p/mp4/file.mp4;DIPLOMADOS
PRACTICA MISTICA 1;31;https://video.wixstatic.com/video/b5f93e_def451e03ca6475483b1e7991fd6f249/1080p/mp4/file.mp4;DIPLOMADOS
PRACTICA MISTICA 1;32;https://video.wixstatic.com/video/b5f93e_7c59ed96f9dc408ea6efe954cbadf149/720p/mp4/file.mp4;DIPLOMADOS
PRACTICA MISTICA 1;33;https://video.wixstatic.com/video/b5f93e_b316f3a09e6d41c49e9fb408c5e90058/720p/mp4/file.mp4;DIPLOMADOS
PRACTICA MISTICA 1;34;https://video.wixstatic.com/video/b5f93e_f2f2f7f9db6a42f7839d4c3b04b18890/1080p/mp4/file.mp4;DIPLOMADOS
PRACTICA MISTICA 1;35;https://video.wixstatic.com/video/b5f93e_76544d178b61430595ef236a1d3f1e6a/720p/mp4/file.mp4;DIPLOMADOS
PRACTICA MISTICA 1;36;https://video.wixstatic.com/video/4ea8bc_42c03eb1ee1840cca79cd545530106f5/720p/mp4/file.mp4;DIPLOMADOS
PRACTICA MISTICA 1;37;https://video.wixstatic.com/video/b5f93e_1bca1992b01848bcbe8f801e633d436e/1080p/mp4/file.mp4;DIPLOMADOS
PRACTICA MISTICA 1;38;https://video.wixstatic.com/video/b5f93e_6a6fafe6f2e04b1795965cc1859f25c1/1080p/mp4/file.mp4;DIPLOMADOS
PRACTICA MISTICA 1;39;https://video.wixstatic.com/video/b5f93e_265df948dc344ee39f215b7b812bc794/720p/mp4/file.mp4;DIPLOMADOS
PRACTICA MISTICA 1;40;https://video.wixstatic.com/video/b5f93e_60193a66213046ef8d73bc7a4b9766e6/720p/mp4/file.mp4;DIPLOMADOS
PRACTICA MISTICA 1;41;https://video.wixstatic.com/video/b5f93e_7db6dff74ba2415c8533de7330f43e58/720p/mp4/file.mp4;DIPLOMADOS
PRACTICA MISTICA 1;42;https://video.wixstatic.com/video/b5f93e_6e85b1add7c1416fb54afdf7c7be1140/720p/mp4/file.mp4;DIPLOMADOS
PRACTICA MISTICA 1;43;https://video.wixstatic.com/video/b5f93e_0c5542242e3d41c8ae62fa2a610c7d02/720p/mp4/file.mp4;DIPLOMADOS
PRACTICA MISTICA 1;44;https://video.wixstatic.com/video/b5f93e_b30c0a3205e34099a5ec90842fe0e410/720p/mp4/file.mp4;DIPLOMADOS
PRACTICA MISTICA 1;45;https://video.wixstatic.com/video/b5f93e_11d9880d67c446799b0e73399f64d6bd/720p/mp4/file.mp4;DIPLOMADOS
PRACTICA MISTICA 1;46;https://video.wixstatic.com/video/b5f93e_ce5bd8acce334c31b25cf119f43fc8ca/720p/mp4/file.mp4;DIPLOMADOS
PRACTICA MISTICA 1;47;https://video.wixstatic.com/video/b5f93e_fa0a41000c784c549418aacbc0ce3347/720p/mp4/file.mp4;DIPLOMADOS
PRACTICA MISTICA 1;48;https://video.wixstatic.com/video/b5f93e_dd525f6f2dc24f61932cd38355132629/720p/mp4/file.mp4;DIPLOMADOS
PRACTICA MISTICA 2;1;https://youtu.be/ZKhfj5GrfFA;DIPLOMADOS
PRACTICA MISTICA 2;2;https://youtu.be/kbZ-WLVXy7w;DIPLOMADOS
PRACTICA MISTICA 2;3;https://youtu.be/znqAN2paLYc;DIPLOMADOS
PRACTICA MISTICA 2;4;https://youtu.be/esZcE8UG4tY;DIPLOMADOS
PRACTICA MISTICA 2;5;https://youtu.be/rmBVYx62Oss;DIPLOMADOS
PRACTICA MISTICA 2;6;https://youtu.be/edoRexaYFIU;DIPLOMADOS
PRACTICA MISTICA 2;7;https://youtu.be/Ky4-F3urdeA;DIPLOMADOS
PRACTICA MISTICA 2;8;https://youtu.be/BzOuubt8qQU;DIPLOMADOS
PRACTICA MISTICA 2;9;https://youtu.be/RkHZrq3afjE;DIPLOMADOS
PRACTICA MISTICA 2;10;https://youtu.be/DjsPTO4j9YU;DIPLOMADOS
PRACTICA MISTICA 2;11;https://youtu.be/6MuUMhbYeTc;DIPLOMADOS
PRACTICA MISTICA 2;12;https://youtu.be/eOeL5Q-Go-A;DIPLOMADOS
PRACTICA MISTICA 2;13;https://youtu.be/FpRyhvn2YfA;DIPLOMADOS
PRACTICA MISTICA 2;14;https://youtu.be/4YImKwlugDs;DIPLOMADOS
PRACTICA MISTICA 2;15;https://youtu.be/rUeebskZWrM;DIPLOMADOS
PRACTICA MISTICA 2;16;https://www.youtube.com/watch?t=1&v=qQdI4Nl6Akk;DIPLOMADOS
PRACTICA MISTICA 2;17;https://youtu.be/ujZEfvXXObU;DIPLOMADOS
PRACTICA MISTICA 2;18;https://youtu.be/BHpmW17aYDE;DIPLOMADOS
PRACTICA MISTICA 2;19;https://youtu.be/iq88EQBqdYM;DIPLOMADOS
PRACTICA MISTICA 2;20;https://youtu.be/YP20LpygYyg;DIPLOMADOS
PRACTICA MISTICA 2;21;https://youtu.be/qDWQoU2uczw;DIPLOMADOS
PRACTICA MISTICA 2;22;https://youtu.be/KN8FLv8g6sc;DIPLOMADOS
PRACTICA MISTICA 2;23;https://youtu.be/muNroVutFyQ;DIPLOMADOS
PRACTICA MISTICA 2;24;https://youtu.be/ib38CAPzvRY;DIPLOMADOS
ACUPUNTURA Y MEDICINA CHINA;1;https://video.wixstatic.com/video/4ea8bc_1dae6b8446c24930b1e188dccd930db9/1080p/mp4/file.mp4;DIPLOMADOS
ACUPUNTURA Y MEDICINA CHINA;2;https://video.wixstatic.com/video/4ea8bc_2d3df7a6114e4a8a94d15431da045083/720p/mp4/file.mp4;DIPLOMADOS
ACUPUNTURA Y MEDICINA CHINA;3;https://video.wixstatic.com/video/4ea8bc_4935a4ae86ad431ea82d156bf07b818c/1080p/mp4/file.mp4;DIPLOMADOS
ACUPUNTURA Y MEDICINA CHINA;4;https://video.wixstatic.com/video/4ea8bc_c9c64601255d44ec9d04c076037f8c9b/1080p/mp4/file.mp4;DIPLOMADOS
ACUPUNTURA Y MEDICINA CHINA;5;https://video.wixstatic.com/video/4ea8bc_d57eaf365dcf4c4580ebeaa72d861b14/1080p/mp4/file.mp4;DIPLOMADOS
ACUPUNTURA Y MEDICINA CHINA;6;https://video.wixstatic.com/video/4ea8bc_7f49f5772b824a8b9c09b4093bee4913/1080p/mp4/file.mp4;DIPLOMADOS
ACUPUNTURA Y MEDICINA CHINA;7;https://video.wixstatic.com/video/4ea8bc_8ac5a6b61ed5425cb985634bd19b5282/720p/mp4/file.mp4;DIPLOMADOS
ACUPUNTURA Y MEDICINA CHINA;8;https://video.wixstatic.com/video/4ea8bc_95b76d337bd244a290e3c437708e3914/1080p/mp4/file.mp4;DIPLOMADOS
ACUPUNTURA Y MEDICINA CHINA;9;https://video.wixstatic.com/video/4ea8bc_4ee55ae23f4c4d269fd82aa06f2eab34/1080p/mp4/file.mp4;DIPLOMADOS
ACUPUNTURA Y MEDICINA CHINA;10;https://video.wixstatic.com/video/4ea8bc_644afb0f57fb4e72af13a8196dbb2b25/1080p/mp4/file.mp4;DIPLOMADOS
ACUPUNTURA Y MEDICINA CHINA;11;https://video.wixstatic.com/video/4ea8bc_e204fbe0954644bdaa3360d6d04531af/1080p/mp4/file.mp4;DIPLOMADOS
ACUPUNTURA Y MEDICINA CHINA;12;https://video.wixstatic.com/video/4ea8bc_959f90ba3e1942f79a65638571beb4e4/720p/mp4/file.mp4;DIPLOMADOS
ACUPUNTURA Y MEDICINA CHINA;13;https://video.wixstatic.com/video/4ea8bc_441a86381c3c41db83ec45ac34a1ab1d/720p/mp4/file.mp4;DIPLOMADOS
ACUPUNTURA Y MEDICINA CHINA;14;https://video.wixstatic.com/video/4ea8bc_e30cb6231c6544d2a61c1f72f0f2c8ae/720p/mp4/file.mp4;DIPLOMADOS
ACUPUNTURA Y MEDICINA CHINA;15;https://video.wixstatic.com/video/4ea8bc_ef990b28b278456794077c988d5b41f9/720p/mp4/file.mp4;DIPLOMADOS
ACUPUNTURA Y MEDICINA CHINA;16;https://video.wixstatic.com/video/4ea8bc_389b01dd688649c5bd6fdbd21b0cb071/720p/mp4/file.mp4;DIPLOMADOS
ACUPUNTURA Y MEDICINA CHINA;17;https://video.wixstatic.com/video/4ea8bc_136809c23f684b8f945fa8aa274b737b/720p/mp4/file.mp4;DIPLOMADOS
ACUPUNTURA Y MEDICINA CHINA;18;https://video.wixstatic.com/video/4ea8bc_f69014e7cdb34ff8946af41175f120de/720p/mp4/file.mp4;DIPLOMADOS
ACUPUNTURA Y MEDICINA CHINA;19;https://video.wixstatic.com/video/4ea8bc_3329a5c4403b452d921e330477538e31/720p/mp4/file.mp4;DIPLOMADOS
ACUPUNTURA Y MEDICINA CHINA;20;https://video.wixstatic.com/video/4ea8bc_1ced47ba84cd4da9b6d33dcb30ac9ea4/720p/mp4/file.mp4;DIPLOMADOS
ACUPUNTURA Y MEDICINA CHINA;21;https://video.wixstatic.com/video/4ea8bc_2fcdf48677344877b6d44a08b529c02d/720p/mp4/file.mp4;DIPLOMADOS
ACUPUNTURA Y MEDICINA CHINA;22;https://video.wixstatic.com/video/4ea8bc_d12d06635eae45cbaf757470f65255ee/720p/mp4/file.mp4;DIPLOMADOS
ACUPUNTURA Y MEDICINA CHINA;23;https://video.wixstatic.com/video/4ea8bc_c769372b654e4da9a3f028de901f6f01/720p/mp4/file.mp4;DIPLOMADOS
ACUPUNTURA Y MEDICINA CHINA;24;https://video.wixstatic.com/video/4ea8bc_64314df158a94357b6c34ff93d31de28/720p/mp4/file.mp4;DIPLOMADOS
ACUPUNTURA Y MEDICINA CHINA;25;https://video.wixstatic.com/video/4ea8bc_cded31b04b204f8283194cddb51f3a42/720p/mp4/file.mp4;DIPLOMADOS
ACUPUNTURA Y MEDICINA CHINA;26;https://video.wixstatic.com/video/4ea8bc_e6a4a87cf0b549999a56b76844ea79aa/720p/mp4/file.mp4;DIPLOMADOS
ACUPUNTURA Y MEDICINA CHINA;27;https://video.wixstatic.com/video/4ea8bc_de0de74d9fa04a028053593ae8deab83/720p/mp4/file.mp4;DIPLOMADOS
ACUPUNTURA Y MEDICINA CHINA;28;https://video.wixstatic.com/video/4ea8bc_2d47e62f8f5c4ca68581fb5a262a253e/720p/mp4/file.mp4;DIPLOMADOS
ACUPUNTURA Y MEDICINA CHINA;29;https://video.wixstatic.com/video/4ea8bc_1f063c14d24c49a48b7b776a8fc276aa/720p/mp4/file.mp4;DIPLOMADOS
ACUPUNTURA Y MEDICINA CHINA;30;https://video.wixstatic.com/video/4ea8bc_ee267abacf1748dca09c7a940e5760b0/720p/mp4/file.mp4;DIPLOMADOS
ACUPUNTURA Y MEDICINA CHINA;31;https://video.wixstatic.com/video/4ea8bc_5a87125de98c45a7840ecefce1992231/720p/mp4/file.mp4;DIPLOMADOS
ACUPUNTURA Y MEDICINA CHINA;32;https://video.wixstatic.com/video/4ea8bc_9db111ce9fb44ea79a230a7ea638d4c2/720p/mp4/file.mp4;DIPLOMADOS
ACUPUNTURA Y MEDICINA CHINA;33;https://video.wixstatic.com/video/4ea8bc_69f9719d291d4141a345e52902c55e10/720p/mp4/file.mp4;DIPLOMADOS
ACUPUNTURA Y MEDICINA CHINA;34;https://video.wixstatic.com/video/4ea8bc_704afaca33ca4f7f84227c3eb6c53538/720p/mp4/file.mp4;DIPLOMADOS
ACUPUNTURA Y MEDICINA CHINA;35;https://video.wixstatic.com/video/4ea8bc_2f5027fa7cec4e288d70a1df1411263c/720p/mp4/file.mp4;DIPLOMADOS
ACUPUNTURA Y MEDICINA CHINA;36;https://video.wixstatic.com/video/4ea8bc_3d59a3b9234a4213aedf7ed72d071924/720p/mp4/file.mp4;DIPLOMADOS
ACUPUNTURA Y MEDICINA CHINA;37;https://video.wixstatic.com/video/4ea8bc_9b097e72027b45bd9b893f3728faebcb/720p/mp4/file.mp4;DIPLOMADOS
ACUPUNTURA Y MEDICINA CHINA;38;https://video.wixstatic.com/video/4ea8bc_cf1fc6fc46fe46e1bf749d79e60a74e0/720p/mp4/file.mp4;DIPLOMADOS
ACUPUNTURA Y MEDICINA CHINA;39;https://video.wixstatic.com/video/4ea8bc_99c2445eceff45ad9bd72e06128e321a/720p/mp4/file.mp4;DIPLOMADOS
ACUPUNTURA Y MEDICINA CHINA;40;https://video.wixstatic.com/video/4ea8bc_c0de725fae16461e9a0c1fcd82a8e63d/720p/mp4/file.mp4;DIPLOMADOS
ACUPUNTURA Y MEDICINA CHINA;41;https://video.wixstatic.com/video/4ea8bc_795f3407e8b54ad6818a252c4a7c3fa8/720p/mp4/file.mp4;DIPLOMADOS
ACUPUNTURA Y MEDICINA CHINA;42;https://video.wixstatic.com/video/4ea8bc_7200d6b9ce094281baaf57ddac3c3f2f/720p/mp4/file.mp4;DIPLOMADOS
ACUPUNTURA Y MEDICINA CHINA;43;https://video.wixstatic.com/video/4ea8bc_f49bf537ae4d4481961da488e1aae58f/720p/mp4/file.mp4;DIPLOMADOS
ACUPUNTURA Y MEDICINA CHINA;44;https://video.wixstatic.com/video/4ea8bc_e4c72a2b90ab4fa0afdc13e43a469d76/720p/mp4/file.mp4;DIPLOMADOS
ACUPUNTURA Y MEDICINA CHINA;45;https://video.wixstatic.com/video/4ea8bc_c202357d67e84a35a565ca353804ebe4/720p/mp4/file.mp4;DIPLOMADOS
ACUPUNTURA Y MEDICINA CHINA;46;https://video.wixstatic.com/video/4ea8bc_999993120b0a42a7bc893192b4e32b04/720p/mp4/file.mp4;DIPLOMADOS
ACUPUNTURA Y MEDICINA CHINA;47;https://video.wixstatic.com/video/4ea8bc_a23d546132dd466ead72d25af005d872/720p/mp4/file.mp4;DIPLOMADOS
ACUPUNTURA Y MEDICINA CHINA;48;https://video.wixstatic.com/video/4ea8bc_6d2349b2c78940a2aa4fab4654c2e33f/720p/mp4/file.mp4;DIPLOMADOS
ACUPUNTURA Y MEDICINA CHINA;49;https://video.wixstatic.com/video/4ea8bc_95dc83b397134aa19b2f15ff8c8fe1c9/720p/mp4/file.mp4;DIPLOMADOS
ACUPUNTURA Y MEDICINA CHINA;50;https://video.wixstatic.com/video/4ea8bc_047892ce8e1b4be7a27a84140d9fa20d/720p/mp4/file.mp4;DIPLOMADOS
ACUPUNTURA Y MEDICINA CHINA;51;https://video.wixstatic.com/video/4ea8bc_09f48d870226478c9fb59e0dc5986642/720p/mp4/file.mp4;DIPLOMADOS
ACUPUNTURA Y MEDICINA CHINA;52;https://video.wixstatic.com/video/4ea8bc_8c39a1cfae8e4e8eb6375c25ac5608b0/720p/mp4/file.mp4;DIPLOMADOS
ACUPUNTURA Y MEDICINA CHINA;53;https://video.wixstatic.com/video/4ea8bc_5850d6d5fd694516b09cee618daf9468/720p/mp4/file.mp4;DIPLOMADOS
ACUPUNTURA Y MEDICINA CHINA;54;https://video.wixstatic.com/video/4ea8bc_3ef1625ee26b46c0ab27e1bb6cd81b0e/720p/mp4/file.mp4;DIPLOMADOS
ACUPUNTURA Y MEDICINA CHINA;55;https://video.wixstatic.com/video/4ea8bc_e2788d404fac48fcab8b74ad15508605/720p/mp4/file.mp4;DIPLOMADOS
ACUPUNTURA Y MEDICINA CHINA;56;https://video.wixstatic.com/video/4ea8bc_a20998ed96ff4e41b624455e48d92968/720p/mp4/file.mp4;DIPLOMADOS
ACUPUNTURA Y MEDICINA CHINA;57;https://video.wixstatic.com/video/4ea8bc_134b526602bb4a4cb3e680eb381370af/720p/mp4/file.mp4;DIPLOMADOS
ACUPUNTURA Y MEDICINA CHINA;58;https://video.wixstatic.com/video/4ea8bc_d3f6fccb336049ca9b9992e39f6bfc1c/720p/mp4/file.mp4;DIPLOMADOS
ACUPUNTURA Y MEDICINA CHINA;59;https://video.wixstatic.com/video/4ea8bc_d9aaef325571433c91a68269c8b86c9f/720p/mp4/file.mp4;DIPLOMADOS
ACUPUNTURA Y MEDICINA CHINA;60;https://video.wixstatic.com/video/4ea8bc_78f537f13af34ed99784865c781e54ca/720p/mp4/file.mp4;DIPLOMADOS
ACUPUNTURA Y MEDICINA CHINA;61;https://video.wixstatic.com/video/4ea8bc_4c234fe0633e44bebad440b846314f8d/720p/mp4/file.mp4;DIPLOMADOS
ACUPUNTURA Y MEDICINA CHINA;62;https://video.wixstatic.com/video/4ea8bc_f92aba78f2b24b8d9bc10c09b289ae93/720p/mp4/file.mp4;DIPLOMADOS
ACUPUNTURA Y MEDICINA CHINA;63;https://video.wixstatic.com/video/4ea8bc_9416bde2532b49dab74be7f08b6b2fee/720p/mp4/file.mp4;DIPLOMADOS
ACUPUNTURA Y MEDICINA CHINA;64;https://video.wixstatic.com/video/4ea8bc_ddd6b8b389e340c280229fe277216220/720p/mp4/file.mp4;DIPLOMADOS
ACUPUNTURA Y MEDICINA CHINA;65;https://video.wixstatic.com/video/4ea8bc_b22ee970e76945fcbd10a887322ce3fd/720p/mp4/file.mp4;DIPLOMADOS
ACUPUNTURA Y MEDICINA CHINA;66;https://video.wixstatic.com/video/4ea8bc_80354c788a4f4b6491dfcbca37b87610/720p/mp4/file.mp4;DIPLOMADOS
ACUPUNTURA Y MEDICINA CHINA;67;https://video.wixstatic.com/video/4ea8bc_13585f9fd5844acfae4b6cf8fc9ee2b4/720p/mp4/file.mp4;DIPLOMADOS
TRANSGENERACIONAL;1;https://video.wixstatic.com/video/4ea8bc_6203e95aa1754add98f993c565f53f55/720p/mp4/file.mp4;DIPLOMADOS
TRANSGENERACIONAL;2;https://video.wixstatic.com/video/4ea8bc_f688aa862d0148e5858c0a86083b4c5a/720p/mp4/file.mp4;DIPLOMADOS
TRANSGENERACIONAL;3;https://video.wixstatic.com/video/4ea8bc_260cca39d2ed409f82b55e7fb7271596/720p/mp4/file.mp4;DIPLOMADOS
TRANSGENERACIONAL;4;https://video.wixstatic.com/video/4ea8bc_9a6b98e61c2f47ed939499351b6e9982/720p/mp4/file.mp4;DIPLOMADOS
TRANSGENERACIONAL;5;https://video.wixstatic.com/video/4ea8bc_3e610e4121da4f409ed9c44258c05926/720p/mp4/file.mp4;DIPLOMADOS
TRANSGENERACIONAL;6;https://video.wixstatic.com/video/4ea8bc_44cc9cbd41da47e0b77e6b07f82c9c60/720p/mp4/file.mp4;DIPLOMADOS
TRANSGENERACIONAL;7;https://video.wixstatic.com/video/4ea8bc_aca5a483e77a4d8d8df6a52454a1a643/720p/mp4/file.mp4;DIPLOMADOS
TRANSGENERACIONAL;8;https://video.wixstatic.com/video/4ea8bc_75b1764dbe0e40dd972c934c45960146/720p/mp4/file.mp4;DIPLOMADOS
TRANSGENERACIONAL;9;https://video.wixstatic.com/video/4ea8bc_8bee1a36a8e24f6b8356e36283b8bd6f/720p/mp4/file.mp4;DIPLOMADOS
TRANSGENERACIONAL;10;https://video.wixstatic.com/video/4ea8bc_9e641dff41004385a6bf6563ef393439/720p/mp4/file.mp4;DIPLOMADOS
TRANSGENERACIONAL;11;https://video.wixstatic.com/video/4ea8bc_07f9d037034245a98a3b3f399d83ee4c/720p/mp4/file.mp4;DIPLOMADOS
TRANSGENERACIONAL;12;https://video.wixstatic.com/video/4ea8bc_d93d7fa4a926410194d1545360ac5485/720p/mp4/file.mp4;DIPLOMADOS
TRANSGENERACIONAL;13;https://video.wixstatic.com/video/4ea8bc_fff4270979664f598d85becc8c0c0358/720p/mp4/file.mp4;DIPLOMADOS
TRANSGENERACIONAL;14;https://video.wixstatic.com/video/4ea8bc_d15a0d36872440b6825be039eb29e624/720p/mp4/file.mp4;DIPLOMADOS
TRANSGENERACIONAL;15;https://video.wixstatic.com/video/4ea8bc_3c20640ee9e546de91a6e89ff15978ae/720p/mp4/file.mp4;DIPLOMADOS
TRANSGENERACIONAL;16;https://video.wixstatic.com/video/4ea8bc_e6cb9c32ca1848529af979041972aaf2/720p/mp4/file.mp4;DIPLOMADOS
TRANSGENERACIONAL;17;https://video.wixstatic.com/video/4ea8bc_cb12717c578f4a41bba65edbde6a508a/720p/mp4/file.mp4;DIPLOMADOS
TRANSGENERACIONAL;18;https://video.wixstatic.com/video/4ea8bc_05783f6348f643f2a1b7e702509f3722/720p/mp4/file.mp4;DIPLOMADOS
TRANSGENERACIONAL;19;https://video.wixstatic.com/video/4ea8bc_8f3d775299b34d01a460bc01fe34980a/720p/mp4/file.mp4;DIPLOMADOS
TRANSGENERACIONAL;20;https://video.wixstatic.com/video/4ea8bc_dcd8b5a316b14b58aaa1d1a0a46b1ff1/720p/mp4/file.mp4;DIPLOMADOS